serial,name,inci,typeo,hlb

2001001,AHA FRUIT ACIDS/MULTIFRUT ACID,,active,,,,,,,,,-0.1
2001002,ALCOHOL CLEAN,,,,,,,,,,,
2001003,ALCOHOL ETHYL  S.D.A.40 -,,,,,,,,,,,256.46
2001004,ALMOND OIL,,,,,,,,,,,385.01
2001005,ALOE AO001 OIL SOLUBLE,,,,,,,,,,,
2001006,ALOE VERA POWDER-TD 012,,,,,,,,,,,
2001007,ALUMINIUM CHLORHYDRATE-ACH-303,,,,,,,,,,,80.4
2001008,RED NO 33-307002,,,,,,,,,,,
2001009,APG-ALKY POLY GLUCOSIDE 0810,,,,,,,,,,,41.5
2001010,ANISE OIL,,,,,,,,,,,2.36
2001011,AO WAX,,structuring agent,,,,,,,,,26.3
2001012,APRICOT KERNAL PDR.400/500,,,,,,,,,,,
2001013,ETHANOL 96% D BTX - IBC,,,,,,,,,,,0.5
2001014,AVOCADO OIL,,,,,,,,,,,73.77
2001015,AMARYLIS PERFUME ARGEVILLE,,,,,,,,,,,0.62
2001016,ALDO MSA,,,,,,,,,,,
2001017,ACID UNDECILENIC,,,,,,,,,,,
2001018,??????? ????? ??????,,,,,,,,,,,
2001021,ADOR PERFUME,,,,,,,,,,,2.38
2001022,ALLANTOIN,,,,,,,,,,,7.83
2001024,ANGEL PERFUME,,,,,,,,,,,
2001025,ACNIBIO CT,,,,,,,,,,,
2001026,ALLIANCE CR 17055,,,,,,,,,,,
2001027,ALMOND PHYTOLAIT,,,,,,,,,,,
2001028,ACIFRUCTOL TOMATE P62,,,,,,,,,,,
2001029,AMBREY ORIENTAL FOR PERFUME,,,,,,,,,,,
2001030,AMBREY ORIENTAL FOR DEODORANT,,,,,,,,,,,
2001031,APPLE PERFUME(LIPSTIK),,,,,,,,,,,
2001032,AQUAXYL,,,,,,,,,,,
2001033,ANTI STRESS PHITOAMINE-PABC,,,,,,,,,,,0.89
2001034,ARBUTIN,,,,,,,,,,,1
2001035,ARISTOFLEX AVC,,,,,,,,,,,
2001036,AQUADERM SP NA21495,Aqua (and) Sodium PCA (and) Sodium Lactate (and) Fructose (and) Glycine (and) Niacinamide (and) Urea (and) Inositol,,,,,,,,,,15
2001037,ARGAN OIL,,,,,,,,,,,5.29
2001038,ALOE CON UP 100X -  powder,,,,,,,,,,,
2001039,Arnica Extract,,,,,,,,,,,9.3
2001040,Arnica Oil,,,,,,,,,,,0.5
2001041,Alfalfa )Lucern( Extract,,,,,,,,,,,3.89
2001042,Azelaic Acid,,,,,,,,,,,
2001043,AMONIA,,,,,,,,,,,0.14
2001044,ALOE VERA 200X -  powder ZIV,,,,,,,,,,,
2001045,ALOE VERA 200X-powder-HELION,,,,,,,,,,,2.36
2001046,Aloe Vera Gel FG 10X - ?????,,,,,,,,,,,14
2001047,Acetone,,,,,,,,,,,
2001048,AMP ULTRA PC 2000,,,,,,,,,,,
2001049,Arabica Gum,,,,,,,,,,,20.82
2001050,(Abil quat 3272 )quaternium 80,,,,,,,,,,,15.25
2001051,Abyssinian Oil-Clarinet,,,,,,,,,,,20.78
2001052,ACB Fruit Mix-Helion,,,,,,,,,,,16.05
2001053,Acticire-BSC,,,,,,,,,,,3.5
2001054,Alcohol-Shizar,,,,,,,,,,,
2001055,Amisoft CS -22-Tagra,Sodium Cocoyl Glutamate (and) Disodium Cocoyl Glutamate (and) Water,,,,,,,,,,4
2001056,Amisoft CS -22-Tagra,,,,,,,,,,,
2001057,Argan Oil-Shifon,,,,,,,,,,,
2001058,Arlacel LC-Hershberg,Sorbitan Stearate (and) Sorbityl Laurate,,,,,,,,,,18.5
2001059,Arlamol PS15E,PPG-15 Stearyl Ether,,,,,,,,,,16
2001060,Avocado Oil-Statfold/ surajbal,,,,,,,,,,,
2001061,Age Defense- Bsc. Distributors,,,,,,,,,,,
2001062,Anissed Oil _ NONA,,,,,,,,,,,
2001063,Apricot Scrubami 300/400,,,,,,,,,,,
2001064,AquaJuva CT,,,,,,,,,,,
2001065,Actigum,Sclerotium Gum (and) Xanthan Gum,,,,,,,,,,25
2001066,Aluminum Sulfate 25% - ?????,,,,,,,,,,,1325
2001067,Aculyn 88,,,,,,,,,,,
2001068,AquaCacteen,,,,,,,,,,,
2001069,ASCORBIC ACID- VITAMIN C,,,,,,,,,,,
2001070,AQUAJUV FD - Sudium Hylronate,,,,,,,,,,,4.12
2001071,Alfodet XL -46,,,,,,,,,,,
2001072,ADIOLSIM - SEPPIC,,,,,,,,,,,
2001073,ADIPOLESS - -SEPPIC,,,,,,,,,,,
2001074,AJIDEW NL 50,,,,,,,,,,,
2001075,Akoactive Queen,,,,,,,,,,,
2001076,Ascorbyl Palmitate,,,,,,,,,,,
2002001,BEESWAX - CERA ALBA,,,,,,,,,,,34.91
2002002,BENZOPHENONE - 3,,,,,,,,,,,0.9
2002003,BERGAMOT OIL,,,,,,,,,,,1.26
2002004,BEVERLEY PERFUME,,,,,,,,,,,2.69
2002005,BHT,,,,,,,,,,,4.15
2002006,BIRCH EXTRACT,,,,,,,,,,,
2002007,BLUE COLOUR 1,,,,,,,,,,,2.26
2002008,BLUE COLOR OIL SOLUBLE,,,,,,,,,,,
2002009,BROWN COLOR,,,,,,,,,,,0.25
2002010,BLUE COLOR,,,,,,,,,,,
2002011,BECK AM 11752B,,,,,,,,,,,
2002012,BORAX,,,,,,,,,,,2
2002013,BENZYL ALCOHOL,,,,,,,,,,,-0.56
2002016,BLADDER WRACK HS,,,,,,,,,,,0.35
2002017,BILBERRY LEAF HS,,,,,,,,,,,3.25
2002018,BLACK DRAGON PERFUME,,,,,,,,,,,
2002019,BLACK CHERRY CPC 9621,,,,,,,,,,,
2002020,BC 5 SILICONE /CYCLOMETHICONE,,,,,,,,,,,
2002021,BODYFIT,,,,,,,,,,,
2002023,BMC,,,,,,,,,,,
2002024,BUTYLENE GLYCOL,,,,,,,,,,,117.75
2002025,BROOKOSOME ACE,,,,,,,,,,,
2002026,BENZALKONIUM CHLORIDE,,,,,,,,,,,22.07
2002027,borage oil ?????,,,,,,,,,,,1
2002028,Benzion oil,,,,,,,,,,,
2002029,BELSIL 1000,,,,,,,,,,,
2002030,BELSIL 040,,,,,,,,,,,
2002031,Benzoic Acid,,,,,,,,,,,
2002032,Black Unipure LC989 1kg,,,,,,,,,,,0.62
2002033,??? ??? ???? ???? ????,,,,,,,,,,,0.62
2002034,Black Peper Oil  ??? ???? ????,,,,,,,,,,,0.92
2002035,BIOLIN/P,,,,,,,,,,,
2002036,BIODINE V,,,,,,,,,,,
2002037,BC 2366,,,,,,,,,,,
2002038,Benzophenone 3-Helion,,,,,,,,,,,
2002039,Bladderwrack-Tagra,,,,,,,,,,,
2002040,C.A.B- Amphotensid B4-Maychem,,,,,,,,,,,
2002041,BlackCap1,,,,,,,,,,,
2002042,Bioecolia,:�?-glucan oligosaccharide,,,,,,,,,,4.93
2002043,BeesWax Synthetic,,,,,,,,,,,12.4
2002044,Beta Caroten,,,,,,,,,,,
2002045,Beta vulgaris )beet( root extr,,,,,,,,,,,
2002046,Braziliian Murumuru Extract,,,,,,,,,,,
2002047,Biotin,,,,,,,,,,,
2002048,Behentrimonium Chloride - ZIV,,,,,,,,,,,25
2002049,Betafin BP20,,,,,,,,,,,
2002050,BTC 1010-E,,,,,,,,,,,173.52
2002051,Biotin PLUS,,,,,,,,,,,
2002052,Betaine Coco,,,,,,,,,,,
2002053,BASIL OIL,,,,,,,,,,,
2002054,BLACK CUMIN OIL,,,,,,,,,,,1
2003001,CAB- COCAMIDOPROPYL BETAIN,,,,,,,,,,,448.8
2003002,CAJEPUT OIL,,,,,,,,,,,-0.07
2003003,CALENDULA OIL,,,,,,,,,,,2.88
2003004,CITRONELA OIL,,,,,,,,,,,2.5
2003005,CAMOMILE EXTRACT BROWN,,,,,,,,,,,13.56
2003006,CAMOMILE PERFUME,,,,,,,,,,,0.8
2003007,CAMPHOR OIL,,,,,,,,,,,0.22
2003008,CARROT OIL,,,,,,,,,,,2.75
2003009,CASTOR OIL,,,,,,,,,,,346.71
2003010,CHERRY PERFUME(OIL SOLUBLE),,,,,,,,,,,
2003011,CITRIC ACID,,,,,,,,,,,15.6
2003012,CLARY SAGE OIL,,,,,,,,,,,2.68
2003013,CLOVE OIL,,,,,,,,,,,3.58
2003014,COCONUT PERF. OIL SOLUB4431840,,,,,,,,,,,1
2003016,COCONUT 2201920051 FRUTAROM,,,,,,,,,,,
2003017,COD/LOURAMID 11,,,,,,,,,,,134.88
2003018,CRODASINIC LS 30,,,,,,,,,,,
2003019,COCONUT BOUQUET 4432620,,,,,,,,,,,
2003020,CARBOPOL 2020,,,,,,,,,,,
2003021,CARBOPOL ULTREZ-10 (BLUE),,,,,,,,,,,
2003022,CINAMON OIL,,,,,,,,,,,-0.01
2003023,CETACEUM,,,,,,,,,,,
2003024,CIRE DE LANOL,,,,,,,,,,,2
2003025,COCONUT PERUME JO397 shifon,,,,,,,,,,,
2003026,CETYL ALCOHOL,,condition,,,,,,,,,108.21
2003027,CUTINA CP,,,,,,,,,,,
2003028,CARROT OIL EXTRACT,,,,,,,,,,,
2003029,CRODAMOL CAP,Cetearyl Ethylhexanoate (and) Isopropyl Myristate,,,,,,,,,,89.3
2003030,CUTINA EGMS,,,,,,,,,,,
2003032,COCOA BUTTER NATURAL-brwon,,,,,,,,,,,
2003033,CRISTO PERFUME,,,,,,,,,,,
2003034,COCONUT OIL- BUTTER- GUSTAV,,,,,,,,,,,25.23
2003035,CANOLA OIL,,,,,,,,,,,
2003036,CALCIUM THIOGLYCOLLATE 102125,,,,,,,,,,,
2003037,CALCIUM HYDROXIDE 102047.1000,,,,,,,,,,,
2003038,CAPIGEL 98,,structuring agent,,,,,,,,,151.5
2003039,COLOR RED FROOTS STRAW- RED 40,,,,,,,,,,,
2003040,COLOR FD&C NO 4 RED,,,,,,,,,,,
2003041,COLOR FD&C NO 1 BLUE,,,,,,,,,,,
2003042,CROTHIX LIQUID,,,,,,,,,,,
2003043,CARBOPOL 1342,,,,,,,,,,,
2003044,CRODAMOL OP,,,,,,,,,,,21
2003045,???? ???? ??? ??? Cl12700,,,,,,,,,,,1
2003046,CRINUPAN AD,,,,,,,,,,,
2003047,CROMOLLIENT SCE,,,,,,,,,,,
2003049,PEG40 HYDROG./SABOWAX ELH40,,,,,,,,,,,
2003050,CUTINA EGMS/GLYCOL STEARATE,,,,,,,,,,,
2003051,COVAZOR ZO3,,,,,,,,,,,
2003052,CETIOL CC,,,,,,,,,,,
2003053,COCOA BUTTER ORGANIC,,,,,,,,,,,
2003054,Ceder Oil  ???,,,,,,,,,,,
2003055,Clary Sage Extract )?????),,,,,,,,,,,3.72
2003056,Calendula Extract =  1:4,,,,,,,,,,,5.26
2003057,Coal Tar,,,,,,,,,,,
2003058,cucumber Extract,,,,,,,,,,,0.16
2003059,COCOA BUTTER NATURAL-White,,,,,,,,,,,6.95
2003060,COSMOVAX D,Cetearyl Alcohol (and) Ceteareth-20,,,,,,,,,,12
2003061,CROVAL A 70,PEG-60 Almond Glycerides,Em SF Sol,,,solubilizer for perfumes and lipophilic actives,"�water soluble emollient,",,,,,30
2003062,CETIOL HE PEG 7,,,,,,,,,,,38.57
2003063,Chlorphenesin,,,,,,,,,,,
2003064,CAPIXYL   -  UNIPEX,,,,,,,,,,,
2003065,CAMPHOR OIL  -  Dolberg - ZIV,,,,,,,,,,,
2003066,Caffeine,,,,,,,,,,,
2003067,Calcium hydroxide,,,,,,,,,,,37.1
2003068,Carbomer 940,,,,,,,,,,,113.8
2003069,CAMOMILE OIL - - OIL ???? ????,,,,,,,,,,,0.6
2003070,Cypress Oil   ????,,,,,,,,,,,1.02
2003071,Coriander Oil  ??? ??????,,,,,,,,,,,0.4
2003072,Cardemon Oil   ??? ??,,,,,,,,,,,0.2
2003073,Capsicum Oleoresin OIL ???????,,,,,,,,,,,0.58
2003074,#NAME?,,,,,,,,,,,
2003075,Cetyl esters,,structuring agent,,,,,,,,,22.8
2003076,CETEARETH 30,,,,,,,,,,,
2003077,Roman Chamomile( Oil),,,,,,,,,,,
2003078,Calendula Oil   Phyto Active,,,,,,,,,,,
2003079,"Cellulose Acetate, Celluloscru",,,,,,,,,,,
2003080,C.S-Ziphroni,,,,,,,,,,,-10.9
2003081,Calendula Oil-Shifon,,,,,,,,,,,
2003082,Carrot oil  ?????-??? ????????,,,,,,,,,,,1.52
2003083,Chamomile Extract-Tagra,,,,,,,,,,,
2003084,Clary Oil-Statfold/ surajbala,,,,,,,,,,,
2003085,Cocus Oil-Ziv,,,,,,,,,,,
2003086,Corn Starch-A.d.a,,,,,,,,,,,34.6
2003087,Cotton bloom 5s-Rodya,,,,,,,,,,,30
2003088,Crodafos CES-Hershberg,,,,,,,,,,,2.3
2003089,Crodafos CS20A-Hershberg,Cetearyl Alcohol (and) Ceteth-20 Phosphate (and) Dicetyl Phosphate,,,,,,,,,,23.9
2003090,Crodamol STS-Hershberg,PPG 3 Benzyl Ether Myristate,,,,,,,,,,11.5
2003091,Crodamol W-Hershberg,"STEARYL CAPRYLATE, STEARYL HEPTANOATE",,,,,,,,,,16.5
2003092,Cetiol OE,,,,,,,,,,,
2003093,Cetiol 868,,,,,,,,,,,
2003094,Cetiol SN,,,,,,,,,,,
2003095,Carbopol Aqua SF-1,,,,,,,,,,,
2003096,Cocoa Butter,,,,,,,,,,,
2003097,Canadian Willow Herb,,,,,,,,,,,2.6
2003098,Ceraphyl 847 - Bsc,Octyldodecyl Stearoyl Stearate,,,,,,,,,,6.8
2003099,Cranberry ext,,,,,,,,,,,25
2003100,Cranberry Mint,,,,,,,,,,,
2003101,Carnuba wax,,,,,,,,,,,
2003102,?????? ?????? ?????,,,,,,,,,,,25
2003103,Cley Red EC,,,,,,,,,,,
2003104,Clay Green EC,,,,,,,,,,,
2003105,Cley Nude EC,,,,,,,,,,,
2003106,Cley Yellow EC,,,,,,,,,,,
2003107,??? ???? ??? ???? Cl26100,,,,,,,,,,,0.19
2003108,Capsicum Hydroglyserine extrac,,,,,,,,,,,3.78
2003109,Clove ext/syzygium aro,,,,,,,,,,,1.23
2003110,Bamboo Charcaol,,,,,,,,,,,1
2003111,Cristalhyal FL,,,,,,,,,,,
2003112,Cristalhyal - ????,,,,,,,,,,,0.06
2003113,Cetyl Palmitate,,,,,,,,,,,
2003114,Cedarwood Oil -  ZIV,,,,,,,,,,,1.47
2003115,Candelila Wax,,,,,,,,,,,
2003116,Charcoal,,,,,,,,,,,
2003117,Cetiol V / Ercarel idov,,,,,,,,,,,
2003118,Channelled Wrack( Extract),,,,,,,,,,,
2003119,Collodial Silver Solution,,,,,,,,,,,
2003120,Cellosize QP100MH - DOW,,,,,,,,,,,
2003121,Cosmedia SP Cognis,,,,,,,,,,,
2003122,cucumber Extract -ORGANIC,,,,,,,,,,,
2003123,Carbomer 980,,,,,,,,,,,34.23
2003124,Chronoline - Peptide,,,,,,,,,,,
2003125,Coconut Milk Powder,,,,,,,,,,,
2003126,CollaPlant Z NPNF,,,,,,,,,,,
2004001,DEAD SEA SALT,,,,,,,,,,,
2004002,DETERGENT-EMPICOL ESB70,,,,,,,,,,,
2004003,DRAAKAR NOIR PERFUME,,,,,,,,,,,
2004004,DEWBERRY PERFUME BELMAY,,,,,,,,,,,6.31
2004005,DEXOL A II,,,,,,,,,,,
2004006,DIHYDROXYACETONE EXTRA REF3,,,,,,,,,,,
2004007,DPPG,,,,,,,,,,,
2004008,D&C GREEN OIL SOLUBLE No 6,,,,,,,,,,,
2004009,DRY PLUS FLO,,,,,,,,,,,
2004010,DECYLGLUCOSIDE/ORAMIX NS10,,,,,,,,,,,
2004011,D/C 1501,,,,,,,,,,,
2004012,DETERGENT IFRAPONLOS 2,,,,,,,,,,,
2004013,DEAD SEA SALT PRIGOR,,,,,,,,,,,
2004014,DRY SALT  A-ATLIT,,,,,,,,,,,
2004015,Tetra SODIUM EDTA,,,,,,,,,,,15.56
2004016,DETERGENT ETA70 KAO,,,,,,,,,,,-26.97
2004017,DEAD SEA SALT(GRANULATED NEW),,,,,,,,,,,178.75
2004018,D/C 200/10,,,,,,,,,,,
2004019,DEHYDROACETIC ACID,,,,,,,,,,,13.16
2004020,DEIONIZED WATER,,,,,,,,,,,
2004022,DISODIUM COCOAMPHODIACETATE,,,,,,,,,,,84.4
2004023,DETERGENT TENSAGEX EOC670,,,,,,,,,,,
2004024,DRY FLO AF,,,,,,,,,,,
2004025,DETERGENT ETA70,,,,,,,,,,,
2004026,DEAD SEA SALT FINE GRANULATED,,,,,,,,,,,
2004027,DEQUART A,,,,,,,,,,,185.4
2004028,DETERGENT ETA 27,,,,,,,,,,,
2004029,Dehymuls K   -  Eucerin,,,,,,,,,,,
2004030,DMDMH,,,,,,,,,,,1.1
2004031,???????? ??????  DPG,,,,,,,,,,,
2004032,DERMOFEEL VISCOLID,,,,,,,,,,,14.6
2004033,%D-Panthenol 75,,,,,,,,,,,
2004034,(Decyl Glucoside )53% active,,,,,,,,,,,
2004035,Dead sea Bath Salt - D.R,,,,,,,,,,,
2004036,Dead Sea Mud,,,,,,,,,,,
2004037,Derm Com-Baz,rocus Chrysanthus Bulb Extract (and) Acacia Senegal Gum (and) Aqua,,,,,,,,,,3.1
2004038,Dermosoft Decalact-Tagra,Sodium Caproyl/Lauroyl Lactylate,DT,Ha Bo Fe,,�It is highly effective against microorganisms causing skin disorders like dandruff and athlete's foot,,,,,,19.64
2004039,Drago calm-Lidor,,,,,,,,,,,2
2004040,Dermofeel Sensolv,Isoamyl Laurate,Em Sp,,,"high spreading, light emollient for natural formulations", with a light & non-sticky skin feel. Natural refatting agent for hair- and skin cleansing applications with foam improving properties,,,,,24
2004041,Dermofeel MCT,,,,,,,,,,,
2004042,Dermosoft OMP,,,,,,,,,,,
2004043,D\C 560,,,,,,,,,,,
2004044,D/C 556 Fluid- feniltremiticon,Phenyl Trimethicone,Si Sp WR SPF-Bo,"cream, lotion. Non-aerosol spray",Ha Bo ,Higher SPF and wash-off,"Enhanced shine,
Improved spreading",?? ???? ??? ???? ????? (???? ????? ????? ????' ??????),?? ????,?? ????,,
2004045,D/C 520,,,,,,,,,,,
2004046,Dermofeel PA -3,Phytic Acid (and) Aqua,Chal,,,,,,,,,5.5
2004047,Dermofeel Phenon 90 m-b,,,,,,,,,,,
2004048,Dermofeel 688,p-Anisic Acid,Pr,,,"�it fungicidal activity. Together with other organics acids in surfactant based products, it unfolds a broad antimicrobial activity.",,,,,,25
2004049,Dermofeel G10 LW,,,,,,,,,,,
2004050,DETERGENT ETA70 - GALAXY,,,,,,,,,,,410.15
2004051,Disoodium EDTA,,,,,,,,,,,
2004052,Dehymuls K,,,,,,,,,,,
2004053,Didecyl Dimethyl Ammonium DDAC,,,,,,,,,,,
2005001,EUCALYPTUS OIL,,,,,,,,,,,1
2005002,EVENING PRIME ROSE OIL,,,,,,,,,,,0.5
2005003,EMULIUM DELTA PELLETS  2005023,,,,,,,,,,,
2005004,EDEN PERFUME,,,,,,,,,,,
2005005,EMULGIN B2-,,,,,,,,,,,
2005006,EXTRAPONE WALNUT,,,,,,,,,,,
2005007,EMULGADE NLB,,,,,,,,,,,
2005008,EUCALYPTOS- LEMON OIL,,,,,,,,,,,0.5
2005009,EUXYL PE 9010,,,,,,,,,,,
2005010,EYELISS,,,,,,,,,,,0.12
2005011,EUXYL700,,,,,,,,,,,
2005012,EMULGADE PL 68/50,,,,,,,,,,,
2005013,EMULGIN VL 75,,, ,,,,,,,,
2005014,EUXYL K712,,,,,,,,,,,
2005015,EXTRACT,,,,,,,,,,,
2005016,EGMS,,,,,,,,,,,
2005017,EMULGIN B3,,,,,,,,,,,
2005018,EASYLIANCE,,,,,,,,,,,18.5
2005019,EPIDERMOSIL 418,Silanetriol (and) Hyaluronic Acid,,,,,,,,,,12.88
2005020,Elastogel 135,,,,,,,,,,,53.3
2005021,ERCAWAX CS 30,,,,,,,,,,,18.8
2005022,ercamuls lf 65 v/fd,,,,,,,,,,,
2005023,Emullin Delta- BSC,,,,,,,,,,,16.8
2005024,Eucalyptus Oil _nona,,,,,,,,,,,0.01
2005025,Euxyl K 100,,,,,,,,,,,
2005026,Emosmart L19,,,,,,,,,,,
2005027,Echinacea Angustifolia Ext,,,,,,,,,,,
2005028,ElastoGel 135C,,,,,,,,,,,
2005029,Ebest Violet R,,,,,,,,,,,
2006001,FORMALINE,,,,,,,,,,,
2006002,FARENHEIT PERFUME,,,,,,,,,,,
2006005,FRUIT EXTRACT,,,,,,,,,,,
2006006,FARIC SULFAT,,,,,,,,,,,
2006007,fennel ???? EXtract,,,,,,,,,,,
2006008,FRANKINCENCE OIL,,,,,,,,,,,3.03
2006009,Fennel OIL  ??? ????,,,,,,,,,,,0.2
2006010,FD & C Blue 1-Ashcenazy,,,,,,,,,,,1.85
2006011,Flexithix- Bsc. Distributors,PVP,,,,,,,,,,7.31
2006012,Fucocert- Rosenstein,Biosaccharide Gum-1,,,,,,,,,,1.17
2006013,????? ???? ??????,,,,,,,,,,,
2006014,????? ???? ???,,,,,,,,,,,
2006015,????? ???? ???? ???,,,,,,,,,,,
2006016,????? ???? ?????,,,,,,,,,,,
2006017,????? ???? ???? ?????,,,,,,,,,,,
2006018,Flavour Strawberry - 35199,,,,,,,,,,,1
2006019,FENUGREEK OIL,,,,,,,,,,,
2007001,GATULINE A,,,,,,,,,,,
2007002,GATULINE RC,,,,,,,,,,,
2007003,GERANIUM OIL,,,,,,,,,,,0.18
2007004,GERMAIL115/IMIDAZOLIDINYL UREA,,,,,,,,,,,
2007005,GINGER OIL,,,,,,,,,,,0.5
2007006,GIRA PERFUME,,,,,,,,,,,
2007007,GLYCERINE BP 99.5%,,,,,,,,,,,136.12
2007008,GLYDANT PLUS,,,,,,,,,,,0.09
2007009,GMS ACID STABLE,,,,,,,,,,,
2007011,GRAPEFRUIT OIL,,,,,,,,,,,1.2
2007012,GREEN COLOR,,,,,,,,,,,0
2007013,GLYCERINE 99.5% ?? ?????,,,,,,,,,,,300
2007014,GLUCAMATE DOE 120,,,,,,,,,,,
2007015,GINSENG OIL,,,,,,,,,,,
2007016,GATULINE AGE DEFENCE,,,,,,,,,,,
2007017,GRAFFITI 28060,,,,,,,,,,,
2007018,GERANUME 11952,,,,,,,,,,,
2007019,GICA PERFUME,,,,,,,,,,,
2007020,GATULIN WITENING,,,,,,,,,,,
2007021,GRANSIL PSQ,,,,,,,,,,,
2007022,GREEN TEA EXTRACT,,,,,,,,,,,2.8
2007023,GRAPE SEED HS- EXTRACT,,,,,,,,,,,
2007024,GELATIN,,,,,,,,,,,
2007025,GINSENG EXTRACT 7803,,,,,,,,,,,0.18
2007026,GRAPE LEEF  OIL,,,,,,,,,,,
2007027,GRAPE SEED OIL,,,,,,,,,,,1.99
2007028,GEOGARD ULTRA,,,,,,,,,,,48.46
2007029,GMS - NSE,,,,,,,,,,,4.09
2007030,GMS =  SE,,,,,,,,,,,
2007031,Genamin KDMP,,,,,,,,,,,26.65
2007032,Gransil EPSQ,,,,,,,,,,,
2007033,Gatuline  Expression,,,,,,,,,,,
2007034,gatuline in-tense,,,,,,,,,,,
2007035,Glycerin G995K,,,,,,,,,,,
2007036,Glaucine,,,,,,,,,,,
2007037,Glypure  70  - DUPONT -,,,,,,,,,,,13
2007038,Glyceryl Stearate,,,,,,,,,,,
2007039,Geogard 111A- Helion,,,,,,,,,,,23
2007040,Ginkgo Biloba- Tagra,,,,,,,,,,,5
2007041,Glycerin- Dipochem,,,,,,,,,,,
2007042,Glycerolat of Camomille- Rosen,,,,,,,,,,,7.6
2007043,6- Gransil DMG,,,,,,,,,,,
2007044,Glypure 70,,,,,,,,,,,-0.4
2007045,Guarana Hydroglyserine,,,,,,,,,,,1.82
2007046,GlucoTain LiquiFlex,Lauroyl/Myristoyl Methyl Glucamide M,Sur FA,????,Bo,????? ???????? ?? ???? ????,????,???? ??? (?? ??????? ????? ????),.1-20 (??? 5.7 ???? ???? ????? ?????? ???????),3.5-10,,110.6
2007047,Glycerine-Paz,,,,,,,,,,,
2007048,Geogard ECT,,,,,,,,,,,
2007049,Galsoft NALS - Sarcosinate,,,,,,,,,,,
2008001,HONEY 2202330051 FRUTAROM,,,,,,,,,,,
2008002,HONEY 12907,,,,,,,,,,,6.5
2008003,HUNGARY PERFUME,,,,,,,,,,,
2008004,HAWAIN TROPIC PERFUME,,,,,,,,,,,-0.04
2008005,HGLC,,,,,,,,,,,
2008006,HERBAL TK 8957,,,,,,,,,,,
2008007,HEC-HYDROXYETHYLCELLULOSE,,,,,,,,,,,16.7
2008008,HUGO BOSS PERFUME,,,,,,,,,,,
2008009,HODIOR 22349C PERFUME,,,,,,,,,,,
2008010,HONEY (PURE),,,,,,,,,,,
2008011,HALOXYL,Aqua (and) Glycerin (and) Steareth-20 (and) N-Hydroxysuccinimide (and) Chrysin (and) Palmitoyl Tripeptide-1 (and) Palmitoyl Tetrapeptide-7,Ac,???????. ????? ?????? ??????,EYE,,"reinforce firmness and tone of the eye area,",,,,,0.53
2008012,HAMAMELIS EXTRACT,,,,,,,,,,,22.5
2008013,( HDK N20 )slisca - Wacker,,,,,,,,,,,
2008014,Horse Tail Extract,,,,,,,,,,,
2008015,Hydroquinone For synthesis,,,,,,,,,,,
2008016,HOSTAPON  SG- Clariant,Sodium Cocoyl Glycinate�,,,,,,,,,,165
2008017,Hombitan AFDC,,,,,,,,,,,50
2008018,Hemp oil,,,,,,,,,,,0.9
2008019,CELLOSIZE-CELLULOSE- DOW,,,,,,,,,,,25
2009001,INCA-AUDE PERFUME ARGEVILLE,,,,,,,,,,,
2009002,INCROQUAT-CARSOQUAT SDQ 25,,,,,,,,,,,-2
2009003,IPM - - -  ISOPROPYL MIRYSTATE,,condition,11,,,,,,,,74.02
2009004,IPP-- ISOPROPYL PALMITATE BERG,,,,,,,,,,,437.19
2009005,INCOQUAT BEHENYL TMC 85 (KDM),,,,,,,,,,,
2009006,IRGASAN DP-300,,,,,,,,,,,
2009007,INDUCCOS 10/5,,,,,,,,,,,
2009008,INVISASKIN MATRIX REBUILDER-O,,,,,,,,,,,7.09
2009009,INCROMECTANT LAMEA,Acetamide MEA (and) Lactamide MEA,,,,,,,,,,1.6
2009010,50-INCROQUAT BEHENYL TMS,,,,,,,,,,,
2009011,ISOCEL SLIM,,,,,,,,,,,
2009012,I.P.M- Ourorukia,,,,,,,,,,,
2009013,I.P.P- Ourikia,,,,,,,,,,,
2009014,Iso-Slim Complex- Baz,,,,,,,,,,,0.79
2009015,Isahexadecane,,,,,,,,,,,15.6
2009016,Inca OIL,,,,,,,,,,,
2009017,inotek SL1,,,,,,,,,,,
2009018,* Iodide   *  potassium,,,,,,,,,,,0.25
2010001,JAZZ  PERFUME BELMAY,,,,,,,,,,,
2010002,JOJOBA OIL,,,,,,,,,,,40.31
2010003,JAGUAR EXCEL,,,,,,,,,,,
2010004,JUNIPER OIL,,,,,,,,,,,2.06
2010005,JASMINE oil,,,,,,,,,,,
2010006,Jeeslilc IDD,,,,,,,,,,,
2010007,Jeequat SDQ-85,,,,,,,,,,,0.01
2010008,Jaguar C-14,,,,,,,,,,,7.35
2010009,Jaguar C162,,,,,,,,,,,
2010010,jeepon ac 78,,,,,,,,,,,
2011001,KAOLIN,,,,,,,,,,,43.8
2011002,KuKui Nut Oil,,,,,,,,,,,
2011003,Keratin protein,,,,,,,,,,,-0.88
2011004,KAK DIBA- Moriroku chemicalsl,,,,,,,,,,,-0.39
2011005,Keltrol CG-T- Sh-ankol,,,,,,,,,,,42.9
2011006,Kombushka - NONA,,,,,,,,,,,1.77
2011007,Kalan-Moshe-Zak,,,,,,,,,,,
2012001,LACTIC ACID,,,,,,,,,,,1.72
2012002,LANOLIN,,condition,4,,,,,,,,7.41
2012003,LAUREX C/S- SETOSTEARYL  ALC.,,condition,15,,,,,,,,29
2012004,LAVENDER OIL,,,,,,,,,,,1.84
2012005,LAVENDER PERFUME 6401/B ARGEVI,,,,,,,,,,,1.19
2012006,LECITHIN,,,,,,,,,,,
2012007,LEMON OIL,,,,,,,,,,,1.57
2012008,LEBELLES DE RICCI PERFUME,,,,,,,,,,,
2012009,LEMONGRASS OIL,,,,,,,,,,,2.33
2012010,LANOL 99,,,,,,,,,,,
2012011,LILY WHITE FLOWER HS-EXTRACT,,,,,,,,,,,1.54
2012012,LICHI OIL,,,,,,,,,,,
2012013,LUMISEPHERE,,,,,,,,,,,2.45
2012014,LANOL P,,,,,,,,,,,
2012015,LIQUORICE EXT,,,,,,,,,,,
2012016,LIPACIDE C8G,,,,,,,,,,,
2012017,Lipo APS 40/60  -Apricot seed,,,,,,,,,,,
2012018,L-Arginine,,,,,,,,,,,
2012019,Lanette SX,Cetearyl Alcohol (and) Sodium Lauryl Sulfate (and) Sodium Cetearyl Sulfate,,,,,,,,,,45
2012020,LUVIMER 100P,Acrylates Copolymer,HS,,,,,,,,,28.89
2012021,Lanette O,,,,,,,,,,,
2012022,Lanolin- Helion,,,,,,,,,,,
2012023,Lavender Oil- Statfold/ surajb,,,,,,,,,,,
2012024,Lemon Oil- Statfold/ surajb,,,,,,,,,,,
2012025,Lubrajel Oll- Bsc. Distributor,,,,,,,,,,,28.6
2012026,Labrasol LAS,,,,,,,,,,,
2012027,Lonza MSA,,,,,,,,,,,18.13
2012028,Liponic EG1,,,,,,,,,,,
2012029,Lotus Oil,,,,,,,,,,,
2012030,Laminaria Hyperborea Extract,,,,,,,,,,,
2012031,Lubrajel Oll Free Hydrogel,,,,,,,,,,,
2012041,Laminaria Hyperborea Extract,,,,,,,,,,,
2013001,MANDARIN OIL,,,,,,,,,,,0.6
2013002,MELISSA OIL,,,,,,,,,,,
2013003,MENTHOL CRYSTALS,,,,,,,,,,,-1.59
2013004,MILO GREEN PERFUME,,,,,,,,,,,1.31
2013005,MONTANOV 68,,,,,,,,,,,293
2013006,MUD (Dead Sea ) Face Use.,,,,,,,,,,,265.59
2013007,MUSCOFIX,,,,,,,,,,,
2013008,MUSK - WHITE - AM 8418/B,,,,,,,,,,,
2013009,MYRRH OIL,,,,,,,,,,,0.15
2013010,MIRACARE BC-27,,,,,,,,,,,
2013012,MISCELLANEOUS,,,,,,,,,,,
2013013,METHYL SALYCILATE,,,,,,,,,,,
2013014,MAGNOLIA PERFUME FRUTAROM,,,,,,,,,,,
2013015,MONTALINE 40 C,,,,,,,,,,,
2013016,MYRITOL318-CAPRYL TRIGLYCERIDE,,,,,,,,,,,8.24
2013017,MONTANOV L,,,,,,,,,,,
2013018,MEADOWFOAM SEED OIL,,,,,,,,,,,
2013019,MILK THISTLE HS,,,,,,,,,,,3.25
2013020,MATE TEA HS,,,,,,,,,,,
2013021,MONTANOV 82,,,,,,,,,,,
2013022,MELASLOW,Citrus Unshiu Peel Extract (and) Glycerin,,,,,,,,,,2
2013023,PHENOXYETHANOL MUD FACE USE,,,,,,,,,,,
2013024,Mandarin Oil Natural Identical,,,,,,,,,,,
2013033,MANGO BUTTER NATURAL,,,,,,,,,,,
2013034,MANGO BUTTER ORGANIC,,,,,,,,,,,
2013035,Macadamia Nut Oil ??????,,,,,,,,,,,
2013036,MALLOW EXT,,,,,,,,,,,
2013037,Myrrh extract,,,,,,,,,,,
2013038,MIRUSTYLE CP,Aqua (and) Polyquaternium-10 (and) PG-Hydroxyethylcellulose Cocodimonium Chloride,Sty,"�Clear gels,�spritzes,�mousses,�styling gums,�glues,�putties,�shaping�creams,�hairsprays�and�conditioners",Ha,Suitable for clear gel systems,????. ???? ?????? ????? ?????,,.1-15,???? ???,,1.02
2013039,MATRIXYL  synthe 6,,,,,,,,,,,
2013040,Mari Coll NPNF-Hydroly Collage,,,,,,,,,,,
2013041,Myrtle oil - ???,,,,,,,,,,,1.03
2013042,MC-30,,,,,,,,,,,
2013043,MT-70,,,,,,,,,,,
2013044,Metyl paraben,,,,,,,,,,,
2013045,(%Magnesium Laureth Sulfate)75,,,,,,,,,,,
2013046,Magnesium Ascorbyl Phosphate,,,,,,,,,,,
2013047,Menthyl Lactate,,,,,,,,,,,
2013048,%Magnesium Laureth Sulfate )28,,,,,,,,,,,
2013049,Magic Beauty- Rodia,,,,,,,,,,,14.7
2013050,Mango Butter-  Helion,,,,,,,,,,,28.2
2013051,Meadowfoam Seed Oll- Dipotron,,,,,,,,,,,19.86
2013052,Melissa Oil- Statfold/ surajba,,,,,,,,,,,
2013053,Meritol- Zifrony,,,,,,,,,,,
2013054,Mikrokill Cos- Helion,,,,,,,,,,,40
2013055,Milk Thistle- Tagra,,,,,,,,,,,
2013056,Mineral Oil- Zifrony,,,,,,,,,,,
2013057,Muscofix- Rubinsn -?? ?????,,,,,,,,,,,0.01
2013058,Myrrha Oil- Statfold/ surajbal,,,,,,,,,,,0.06
2013059,Montanov 202,,,,,,,,,,,
2013060,Mud ???? ????? .,,,,,,,,,,,
2013062,MATRIXYL  3000,,,,,,,,,,,
2013063,Magnesium Hydroxide,,,,,,,,,,,
2013064,Miniporyl - Lucas Meyer,,,,,,,,,,,
2013065,Methyl Gluceth e20,,,,,,,,,,,17.6
2013066,Magnesium Ascorbly Phosphate,,,,,,,,,,,
2013067,Mentha Oil,,,,,,,,,,,1
2013068,Mentha PIPERITA OIL,,,,,,,,,,,1
2014001,NEROLI OIL,,,,,,,,,,,-0.01
2014002,NETTLE EXTRACT 680826,,,,,,,,,,,1.42
2014003,NO.5 EXTRAPHONE  SPESHIAL,,,,,,,,,,,
2014004,NEROLI STRONG 265/61,,,,,,,,,,,
2014005,NEROLI FRUTAROM 168/60,,,,,,,,,,,
2014006,NIPASOL,,,,,,,,,,,
2014007,NIPAGIN,,,,,,,,,,,
2014008,NIACINAMIDE/NICOTINAMIDE,,,,,,,,,,,
2014009,NONYL PHENOL 9,,,,,,,,,,,29.97
2014010,NEEM OIL ??????? ?????,,,,,,,,,,,12.2
2014011,??? ??? ????,,,,,,,,,,,
2014012,Natural Hot Mag,,,,,,,,,,,59
2014013,Nipaguard CMB,,,,,,,,,,,
2014014,Neodermyl-Tagra,Glycerin (and) Water (and) Methylglucoside Phosphate (and) Copper Lysinate/Prolinate,,,,,,,,,,0.7
2014015,Nipaguard SCE,,,,,,,,,,,
2014016,NETTLE OIL,,,,,,,,,,,
2014017,Natisol,,,,,,,,,,,
2014018,NUTMEG OIL ???? ?????,,,,,,,,,,,
2015001,OCTOCRYLENE,,,,,,,,,,,3.6
2015002,OLEYL ALCOHOL,,,,,,,,,,,9
2015003,OLIBANUM OIL(FRANKINCES),,,,,,,,,,,
2015004,OLIVATE PEG-4/OLIVEM 700,,,,,,,,,,,-1.1
2015005,ORANGE EXT.(VITAMIN C),,,,,,,,,,,
2015006,ORANGE OIL,,,,,,,,,,,1.46
2015007,ORCHID PERFUME,,,,,,,,,,,
2015008,OLIVE OIL,,,,,,,,,,,-0.21
2015009,ORANGE FRUTAROM,,,,,,,,,,,
2015010,OCYTYL PALMITATE,,,,,,,,,,,
2015011,OLAFLUR (1116809)/UNIFLORIDE,,,,,,,,,,,260
2015012,OPTISOL TD-50,,,,,,,,,,,
2015013,ORONAL LCG,,,,,,,,,,,
2015014,OLIVEM 1000,,,,,,,,,,,18.58
2015015,OATMEAL OIL,,,,,,,,,,,
2015016,Origanum Syriacum oil,,,,,,,,,,,0.95
2015017,Octyl Palmitate = OP,,,,,,,,,,,25
2015018,Oleic Acid,,,,,,,,,,,
2015019,ORAMIX CG 110,,,,,,,,,,,
2015020,Oat com usp- Shiphon,,,,,,,,,,,
2015021,Oat ext-Tagra,,,,,,,,,,,6.6
2015022,Oat oil- Shiphon,,,,,,,,,,,
2015023,Octocrylene- Helion,,,,,,,,,,,
2015024,Olibanum Oil- Statfold/ suraj,,,,,,,,,,,
2015025,Olive squalene- Ziv,,,,,,,,,,,
2015026,Olivem VS feel- Helion,,,,,,,,,,,1.5
2015027,Oliwax LC- Helion,,,,,,,,,,,25.73
2015028,OMC- Helion,,,,,,,,,,,3.4
2015029,Orange Oil- Statfold/ surajba,,,,,,,,,,,4.5
2015030,orange secrets- Bsc. Distribu,,,,,,,,,,,-0.7
2015031,Ozocarit wax,,,,,,,,,,,
2015032,Ozocrit Wax 1508,,,,,,,,,,,
2015033,Optim Hyal -  sederma,,,,,,,,,,,
2015034,Olive Oil - ORGANIC,,,,,,,,,,,
2016001,PANTHENOL/DEPANTENOL,,,,,,,,,,,20.21
2016002,PARAFFIN OIL HEAVY,,,,,,,,,,,372.52
2016003,PARSOL MCX,Ethylhexyl Methoxycinnamate,SPF ,,,???? ????? ??? ???????? ?????? ?????,uv-B filter,??????. ?? ???? ????,,,,
2016004,PATCHOULI OIL,,,,,,,,,,,0.67
2016005,PEACH KERNAL OIL,,,,,,,,,,,3.12
2016006,PEACH PERFUME ARGEVILLE 5922,,,,,,,,,,,0.5
2016007,PEARL,,,,,,,,,,,12
2016008,PEPPERMINT OIL,,,,,,,,,,,3.72
2016009,PERFUME 4483420 FRUTAROM,,,,,,,,,,,
2016010,PERFUME 1231 ARGEVILLE,,,,,,,,,,,
2016011,PERFUME 4456700 FRUTAROM,,,,,,,,,,,
2016012,?????? ??-PHENONIP,,,,,,,,,,,
2016013,PINE OIL,,,,,,,,,,,0.4
2016014,PLUM PERFUME(LIPSTIK),,,,,,,,,,,
2016015,POLAWAX (SABOWAX FL-20),,,,,,,,,,,61.03
2016016,PROPOLIS EXTRACT,,,,,,,,,,,0.25
2016017,PROPYLENE GLYCOL,,,,,,,,,,,14.98
2016018,PROTEIN (HYDROTRICUM WQ),,,,,,,,,,,0.3
2016019,PVP HYDROTRICUM,,,,,,,,,,,
2016020,PYRION DISULFIDE,,,,,,,,,,,
2016021,PINE CEDAR WOOD,,,,,,,,,,,
2016022,PH PAPER,,,,,,,,,,,
2016023,PEG-7 GLIZERIL COCOATE,,,,,,,,,,,72.26
2016024,POLYQUARERNIUM - 7,,,,,,,,,,,101.66
2016025,PERFUME CPC 9259,,,,,,,,,,,
2016026,PARAFFIN WAX,,,,,,,,,,,
2016027,PERFUME BANANA - M1194,,,,,,,,,,,
2016028,PERFUME GREEN APPLE - G1999,,,,,,,,,,,
2016029,PERFUME LYCHEE J0231,,,,,,,,,,,
2016030,PERFUME MANGO - G1997,,,,,,,,,,,
2016031,PERFUME BRAMB.JAM -G2000,,,,,,,,,,,
2016032,PERFUME GLOBE GRAPE M1193,,,,,,,,,,,
2016033,PERFUME MELON M1467,,,,,,,,,,,
2016034,PERFUME DEEP RED - M1102,,,,,,,,,,,
2016035,PERF.STRAWBERRY12135 O.SOLUBLE,,,,,,,,,,,
2016036,PERFUME STRAWBERRY FROOTS 9307,,,,,,,,,,,
2016037,PERFUME FLOWER 321_10544,,,,,,,,,,,5.09
2016038,PERFUME RING 10281,,,,,,,,,,,
2016039,PERFUME ALMOND FRUTAROM,,,,,,,,,,,
2016040,PERFUME BOUT DE CR 18094,,,,,,,,,,,
2016041,PARAFIN OIL LIGHT,,,,,,,,,,,
2016042,PACO PERFUME,,,,,,,,,,,0.26
2016043,PERFUME SPA 56981,,,,,,,,,,,2.3
2016044,PERFUME POTIRON ET VIOLETTE,,,,,,,,,,,
2016045,PROTEOL APL,,,,,,,,,,,
2016046,PERFUME YASATIS FRUTAROM,,,,,,,,,,,
2016047,PIROCTONE OLAMINE/OCTOPIROX,,,,,,,,,,,
2016048,????? PERFUME XXXX,,,,,,,,,,,
2016049,PEG40 HYDROGENATED CASTOR OIL,,,,,,,,,,,
2016050,PISHTAN )Flex (OIL,,,,,,,,,,,2.54
2016051,PERFUME VANILLA AA 16969,,,,,,,,,,,1.5
2016052,PERFUME EXPRESSO COFFEE S4132,,,,,,,,,,,
2016053,PHENOXYETHONOL,,,,,,,,,,,84.04
2016054,POLYQUATRENIUM 10,,,,,,,,,,,20.14
2016055,PEG 6000 DS,,,,,,,,,,,26.67
2016056,PERFUME MELON 2228,,,,,,,,,,,11.49
2016057,PERFUME REDDIFIXI 1281,,,,,,,,,,,0.3
2016058,palm kernel oil,,,,,,,,,,,0.52
2016059,pomegranate oil,,,,,,,,,,,0.8
2016060,PERFUME  0907788 ???? ??? ????,,,,,,,,,,,
2016061,PERFUME  Darling 3435,,,,,,,,,,,5.35
2016062,PhytoCellTec  Malus Domestica,,,,,,,,,,,
2016063,PERFUME  bebe care 8530,,,,,,,,,,,1.1
2016064,???? ???? ????,,,,,,,,,,,6.21
2016065,Parfume Green Shmpoo,,,,,,,,,,,-1
2016066,Phenethyl Propionate W286702,,,,,,,,,,,
2016067,11- POLYQUARERNIUM,,,,,,,,,,,
2016068,Parfume JASMIN 9548,,,,,,,,,,,0.9
2016069,PERFUME SOL,,,,,,,,,,,1.19
2016070,PERFUME LOKSANA,,,,,,,,,,,5.84
2016071,PERFUME COLONNE AM 11156,,,,,,,,,,,1.8
2016072,PERFUME NOW 13796,,,,,,,,,,,3.58
2016073,PERFUME  PATCHULI AF 10095 IK,,,,,,,,,,,4.21
2016074,Plantservative WMr - Jojoba oi,,,,,,,,,,,4.24
2016075,PLANTSERVATIVE WS - Water phas,Lonicera Japonica�Flower Extract (and)�Lonicera Caprifolium�Flower Extract,,,,,,,,,,19.9
2016076,PERFUME ???? - D ( ??? ),,,,,,,,,,,14.98
2016077,????? ?. ???? ????? ????,,,,,,,,,,,
2016078,???? ??? ????? ????,,,,,,,,,,,0.3
2016079,??????  ???? ????? ????,,,,,,,,,,,
2016080,??????? ?????  ????? ????,,,,,,,,,,,0.8
2016081,???? 212 ??? ????? ????,,,,,,,,,,,
2016082,????? ?. ???. ????? ????,,,,,,,,,,,
2016083,???? 212 ???? ????? ????,,,,,,,,,,,
2016084,???? ????? D 304 140,,,,,,,,,,,0.6
2016085,PVP 30,,,,,,,,,,,
2016085,PVP 30,,,,,,,,,,,2
2016087,???? ????????? ????,,,,,,,,,,,
2016088,???? ?. ????,,,,,,,,,,,
2016089,???? ???????? IFF,,,,,,,,,,,6.99
2016090,PVA,,,,,,,,,,,30
2016091,???? ??? ????? ??????,,,,,,,,,,,
2016092,(Pearl Powder - )Rai,,,,,,,,,,,
2016093,Propyl Paraben,,,,,,,,,,,
2016094,PERFUME ??? ??? ??????,,,,,,,,,,,
2016095,???? ?????,,,,,,,,,,,
2016096,???? ??? ??? BASE293 F15252,,,,,,,,,,,0.1
2016097,????? ???? ???? ??,,,,,,,,,,,2.2
2016098,????? ???? ??????,,,,,,,,,,,5
2016099,???? ????????  Hypontic,,,,,,,,,,,
2016100,PVP/VA Copolymer 64,,,,,,,,,,,
2016101,???? ???? ??????? ?.,,,,,,,,,,,5.55
2016102,Perfume Alien 1166-1322654,,,,,,,,,,,6.47
2016103,???? ???? ??? ?? ?????,,,,,,,,,,,
2016104,Perfume Flora ECH FL 1318930,,,,,,,,,,,18.4
2016105,PERFUME Lavender 1313284,,,,,,,,,,,3.54
2016106,???? ????? ?????? ????? - ???,,,,,,,,,,,2.75
2016107,Pefume Million 1799-1322653,,,,,,,,,,,9.81
2016108,#NAME?,,,,,,,,,,,0.36
2016109,???? ?????? ???? - ???,,,,,,,,,,,8.9
2016110,Perfume ALIEN 1166 1400808,,,,,,,,,,,
2016111,Perfume 1854 1327510 Black Afg,,,,,,,,,,,4.27
2016112,Potassium  - -   ????,,,,,,,,,,,25
2016113,PERFUME KERATIN ART 1402382,,,,,,,,,,,2.02
2016114,PERFUME SPARKLING 1402385,,,,,,,,,,,-0.3
2016115,Perfume WEDDING 97853,,,,,,,,,,,4.25
2016116,Perfume Japanese Cherr 8501431,,,,,,,,,,,15.5
2016117,Perfume Bibi Plumeria 8557747,,,,,,,,,,,32
2016118,Hydrogen peroxide,,,,,,,,,,,
2016119,Parseley Oil   ????????,,,,,,,,,,,
2016120,PERFUME KITCHEN MAGIC,,,,,,,,,,,
2016121,perfume ????? 2006447 217-370,,,,,,,,,,,2.45
2016122,PERFUME ???? ???? 2007291,,,,,,,,,,,0.9
2016123,Perfume hair mask uri ????????,,,,,,,,,,,
2016124,Aloe Green Tea 1402606 Perfum,,,,,,,,,,,4.12
2016125,Urban Glow 1402384 Perfum,,,,,,,,,,,4.8
2016126,perfume Baby Talc 1600861,,,,,,,,,,,
2016127,PURPLE color- BIFLEX- ???,,,,,,,,,,,0.25
2016128,PLANTAPON,,,,,,,,,,,
2016129,Peach Kernel Oil- Shiphon,,,,,,,,,,,
2016130,Peppermint Oil- Statfold/ sura,,,,,,,,,,,
2016131,Perfume 13083- FGR099667,,,,,,,,,,,35.22
2016132,Perfume Ambery Oriental-215576,,,,,,,,,,,
2016133,Perfume Apple Flowers- Shiphon,,,,,,,,,,,1.45
2016134,Perfume APPLE JUICE- Yama scen,,,,,,,,,,,
2016135,Perfume BANANA- Yama scence,,,,,,,,,,,36.5
2016136,Perfume DI RICHIE EDTi-200807,,,,,,,,,,,
2016137,Perfume Viking AM 6320J,,,,,,,,,,,-0.01
2016138,Perfume hydra boost- Rodia,,,,,,,,,,,12.7
2016139,Perfume Pro Age- Shiphon,,,,,,,,,,,
2016140,Perfume Rose- Ruinshtein,,,,,,,,,,,
2016141,Planntapon PSC- Zifrony,,,,,,,,,,,110
2016142,Plantsoft L- Helion,Coco-Glucoside (and) Disodium Lauryl Sulfosuccinate (and) Glycerin,,,,,,,,,,43
2016143,PNC 400- Helion,Sodium Carbomer,,,,,,,,,,1.9
2016144,Prolevis- Hershberg,Aqua (and) Hydrolyzed Vegetable Protein,FF Ac AA MU,,???/????,,????? ????? ????,,,,,17
2016145,Prolipid 141- Bsc. Distributor,Glyceryl Stearate (and) Behenyl Alcohol (and) Palmitic Acid (and) Stearic Acid (and) Lecithin (and) Lauryl Alcohol (and) Myristyl Alcohol (and) Cetyl Alcohol,RH EB-SS Con,,,"�delivery system for actives and particulates (e.g. sunscreens, pigments","�moisturizes and promotes healthy skin by strengthening the skin's natural barrier function. This product masks undesirable sensory properties, such as oiliness.",,,,,14.77
2016146,Propylene Glycol- Dipochem,,,,,,,,,,,
2016147,Purton CFD  - C.O.D,,,,,,,,,,,
2016148,Perfume Nona Mix 3,,,,,,,,,,,13.5
2016149,Perfume lliom,,,,,,,,,,,3.34
2016150,Patchuli -NONA,,,,,,,,,,,
2016151,Perfume Lily - NONA,,,,,,,,,,,1.21
2016152,Perfume Soarente - NONA,,,,,,,,,,,1.72
2016153,Perfume Cool Sea - 25183B,,,,,,,,,,,2.3
2016154,Perfume Cucumber Hydro TK,,,,,,,,,,,
2016155,Pro Revive - NONA,,,,,,,,,,,8.3
2016156,Prolixir S20,,,,,,,,,,,
2016157,Perfume Ocean Veil,,,,,,,,,,,10
2016158,Pore Away,Pistacia Lentiscus Gum/Pistacia Lentiscus (Mastic) Gum (and) Lecithin (and) Glycerin (and) Alcohol (and) Aqua/Water, Ac SD,,????,,Pore size reduction Anti-comedogenic and purifying effect Visible reduction of shininess Perception of an improved skin quality (self-evaluation),,,,,2.8
2016159,Poceau,,,,,,,,,,,
2016160,Ployox 301,,,,,,,,,,,2
2016161,???? ???.? ?? ?????,,,,,,,,,,,5
2016162,Perfume DI RICHIE EDTi-222718,,,,,,,,,,,6.36
2016163,Perfume Ambery Oriental-214747,,,,,,,,,,,0.01
2016164,Perfume Cool Sea - 0303454,,,,,,,,,,,7
2016165,Perfume Viking  0303457,,,,,,,,,,,2.88
2016166,ORIENTAL FRUIT 102168,,,,,,,,,,,5
2016167,???? ????? ???? 00262,,,,,,,,,,,6
2016168,???? ????? ?. ?????,,,,,,,,,,,7.36
2016169,???? ???? ???? - ?????,,,,,,,,,,,5.25
2016170,???? ????? ? - ?????,,,,,,,,,,,4.75
2016171,???? ???? ? 00218,,,,,,,,,,,8.05
2016172,????????? - ????? ????,,,,,,,,,,,5
2016192,Papaya Ext - Caruca Papaya Fri,,,,,,,,,,,
2016193,Pomegranate EXT,,,,,,,,,,,
2016194,PrimaHyal 50 - Hydolyzed Hyalr,,,,,,,,,,,
2016195,???? ??? ?????? - ?????,,,,,,,,,,,3.6
2016196,Naomi 9106521 - charabot,,,,,,,,,,,20.1
2016197,???? ???? ?.?,,,,,,,,,,,0.8
2016198,???? ???? ????,,,,,,,,,,,5.45
2016199,???? ????? ????? ?????,,,,,,,,,,,1.7
2016200,Franch Vanila Perfume Veripack,,,,,,,,,,,1.2
2016201,Polyox 301,,,,,,,,,,,
2016202,PrimalHyal 3k - Tagra,,,,,,,,,,,0
2016203,Protanal FM 6130 alginate,,,,,,,,,,,
2016204,Phenyl Trimeticone - SF1550,,,,,,,,,,,
2016205,Plansoft L,,,,,,,,,,,
2016206,Perfume 2897-1925696 - URI,,,,,,,,,,,
2016207,Phenil Erhyl Alcohol,,,,,,,,,,,
2016208,Progeline - Peptide,,,,,,,,,,,
2016209,Peanut Oil,,,,,,,,,,,1
2016210,PAPAYA SEED OIL,,,,,,,,,,,
2018001,RED COLOR OIL SOLUBLE,,,,,,,,,,,0.31
2018002,RED COLOR 4,,,,,,,,,,,0.89
2018003,ROSE ARGEVILLE TK 8965 PERFUME,,,,,,,,,,,3.41
2018004,ROSE PERFUME FRUTAROME 4406890,,,,,,,,,,,
2018005,ROSEHIPS OIL,,,,,,,,,,,3.16
2018006,ROSEMARY OIL,,,,,,,,,,,4.04
2018007,RED COLOUR 40,,,,,,,,,,,1.26
2018008,RED COLOUR 33,,,,,,,,,,,1.73
2018009,RED CLOVER Extract,,,,,,,,,,,
2018010,Rosemary Extract,,,,,,,,,,,5.39
2018011,RoseHip Extract,,,,,,,,,,,
2018012,ROSEWOOD ESSENTIAL  OIL,,,,,,,,,,,-0.5
2018013,??????? - ???,,,,,,,,,,,1
2018015,Rosemary Oil- Statfold/ surajb,,,,,,,,,,,-0.04
2018016,Resisthyal,Water (aqua) Sodium Hyaluronate Hydrolyzed Hyaluronic Acid Phenoxyethanol Lactic Acid,Ac Hsty,,,,,,,,,5.56
2018017,Rose Water,,,,,,,,,,,
2019001,SALCARE SC 80,,,,,,,,,,,
2019002,SALCARE SC 96,,,,,,,,,,,
2019003,SODIUM CHLORIDE - ??? ?????,,,,,,,,,,,81.51
2019004,SEAWEED EXTRACT,,,,,,,,,,,
2019005,SEPPIGEL 305,�Polyacrylamide & C13-14 Isoparaffin & Laureth-7,,,,,,,,,,18.04
2019006,SILICONE SF1214-HEAVY 1401,Properties,,,,,,,,,,
2019007,SILICON 344 -SF1204,,,,,,,,,,,
2019008,SILICONE 949,TRIDECETH-12 AMODIMETHICONE CETRIMONIUM CHLORIDE,,,,,,,,,,139.11
2019009,SILICONE OIL 350,,,,,,,,,,,89.14
2019010,SODIUM BENZOATE S,,,,,,,,,,,32.46
2019011,STRAWBERRY FLAVOR OIL SOLUBLE,,,,,,,,,,,0.2
2019012,STEARIC ACID-STEARIN,,condition,,,,,,,,,217.7
2019013,SODA CAUSTIC -SODIUM HYDROXIDE,,,,,,,,,,,
2019014,SANDALWOOD OIL,,,,,,,,,,,-0.07
2019015,SALICYLIC ACID,,,,,,,,,,,2.17
2019016,SINPERONIC PE/127,,,,,,,,,,,
2019017,SARA PERFUME,,,,,,,,,,,
2019018,SODIUM BICARBONAT,,,,,,,,,,,15
2019019,SEPPIGEL 502,,,,,,,,,,,
2019020,SHROMIX 824,,,,,,,,,,,18.85
2019021,SELECT AM,,,,,,,,,,,
2019022,SEPIFEEL ONE,,,,,,,,,,,
2019023,SIMUGEL EG,,,,,,,,,,,
2019024,SOLUBLEISANT LRI,,,,,,,,,,,10
2019025,SABO WAX N,,,,,,,,,,,
2019026,SHEA BUTTER NATURAL,,,,,,,,,,,45.38
2019027,SODIUM CMC- CELLULOSE GUM,,,,,,,,,,,10.05
2019028,SABODERM AB,,,,,,,,,,,24.4
2019029,SORBITOL,,,,,,,,,,,790.5
2019030,SPAN - 60,,,,,,,,,,,
2019031,SORBOSIL BFG 54,,,,,,,,,,,
2019032,SORBOSIL AC 77,,,,,,,,,,,
2019033,SORBOSIL TC 15,,,,,,,,,,,
2019034,SODIUM SACHRIN,,,,,,,,,,,0.58
2019035,SPEARMINT Oil,,,,,,,,,,,0.93
2019036,SIMUGEL NS,,,,,,,,,,,
2019037,SOLAN E,,,,,,,,,,,
2019038,SALT A GRANULATED ATLIT,,,,,,,,,,,
2019039,SALT D,,,,,,,,,,,
2019040,SUNFLOWER EXTRACT,,,,,,,,,,,7.3
2019041,?SEA SAND,,,,,,,,,,,10.6
2019042,STRAWBERRY FRUTAROM,,,,,,,,,,,
2019043,SPA PERFUME,,,,,,,,,,,
2019044,SUNFLOEWR OIL,,,,,,,,,,,
2019045,SEPPIPLUS 400,,,,,,,,,,,
2019046,SESAFLASH,,,,,,,,,,,3.6
2019047,SYMPATENS O/4200,,,,,,,,,,,
2019048,SEPINOV EMT10,,,,,,,,,,,57.88
2019049,SODIUM METHYL PARABEN-NIPAGIN,,,,,,,,,,,
2019050,STYRENE- LYTRON 180 AV,,,,,,,,,,,
2019051,SABOWAX EGMS/GLYCOLE  STEARATE,,,,,,,,,,,
2019052,SABOWAX CS 20,,,,,,,,,,,
2019053,SYMPATENS TRH400,,,,,,,,,,,
2019054,SIMUGEL INS100,Hydroxyethyl Acrylate/Sodium Acryloyldimethyl Taurate Copolymer (and) Isohexadecane (and) Polysorbate 60,,,,,,,,,,56.49
2019055,SUPGUARD K15 CG-SHAROMIX,,,,,,,,,,,
2019056,Sea Buckthorn oil ?????????,,,,,,,,,,,-0.1
2019057,SABOWAX K / FL 65,,,,,,,,,,,14.73
2019058,Sea Holly Extract,,,,,,,,,,,
2019059,SENSIVA C 50,,,,,,,,,,,0.14
2019060,salvia fruticosa EXT,,,,,,,,,,,
2019061,SORBOSIL BFG 50,,,,,,,,,,,9.14
2019062,SIMULSOL 165,,,,,,,,,,,
2019062,SIMULSOL 165,,,,,,,,,,,0.01
2019063,SABOVAX CS25,,,,,,,,,,,4.02
2019064,Sabo Wax FL-10,,,,,,,,,,,
2019065,SABODERM EUTANOL G20,Octyldodecanol,,,,,,,,,,17.5
2019066,SILICONE 245 -DOW,,,,,,,,,,,156.9
2019067,SABOVAX CS11 / EMULGIN B1,,,,,,,,,,,
2019068,STEARIC ACID  - COGNIS,,,,,,,,,,,
2019069,SILICONE 1202 GE -//245,,,,,,,,,,,
2019070,??????? 839 ???? ?'? ???,,,,,,,,,,,
2019071,Sodium perborate tetrahydrate,,,,,,,,,,,
2019072,??????? ???? SF 1188,,,,,,,,,,,
2019073,Sodium Citrate,,,,,,,,,,,
2019074,??????? SILSOFT 1215,Cyclopentasiloxane (and) Dimethiconol,,,,,,,,,,8.28
2019075,Silicon SM 2658,,,,,,,,,,,
2019076,Sodium hydroxide,,,,,,,,,,,
2019077,Suger,,,,,,,,,,,
2019078,Sabowax CS 11 -emolgin B1,,,,,,,,,,,50
2019079,Sabowax CP,,,,,,,,,,,
2019080,Squalane - Olive,,,,,,,,,,,4
2019081,SEPILIFT  DPHP,Dipalmitoyl hydroxyproline�,Ac AA,,,,Wrinkle-correcting agent,,,,,5.59
2019082,Sodium Silicate - ?? ??????,,,,,,,,,,,43.45
2019083,Sesame Oil   ??? ??????,,,,,,,,,,,1.16
2019084,SODIUM HYALRONATE,,,,,,,,,,,
2019085,Sorbitan Tristearate,,,,,,,,,,,
2019086,(%Sodium Hydroxide )18,,,,,,,,,,,
2019087,SDA 40 Alcohol- Shazir,,,,,,,,,,,
2019088,Skin Tightener ST-2- Hershberg,,,,,,,,,,,0.4
2019089,Sodium Hydroxide- Ziv,,,,,,,,,,,25.37
2019090,Softigen pura+- Tagra,Caprylic/Capric Triglyceride (and) Hydrogenated Rapeseed Oil,Em,,,,,,,,,15.8
2019091,Solagum AX- Paz,Acacia Senegal Gum & Xanthan Gum,Th FF,,,"�clear aqueous gels, Good particle suspension power, xcellent resistance to electrolytes",Excellent skin tolerance (good for sensitive/intimate areas),,,,,16
2019092,Stearyl Alcohol- Ziv,,,,,,,,,,,
2019093,Super Hartolan- Hershberg,Lanolin Alcohol,SF Emu (w/o) Sp,,,,,,,,,22.5
2019094,Symbio Muls Wo- Tagra,ALUMINUM STEARATE CERA ALBA CETYL RICINOLEATE SORBITAN SESQUIOLEATE GLYCERYL CAPRATE MAGNESIUM STEARATE POLYGLYCERYL-3 POLYRICINOLEATE,Emu (w/o),,,,,,,,,5.9
2019095,Sweet Almond Oil,,,,,,,,,,,
2019096,Sepinov EMT 10 - NONA,,,,,,,,,,,
2019097,Sodium Loctate,,,,,,,,,,,17
2019098,#NAME?,Capryloyl Glycine - Sarcosine - Cinnamomum Zeylanicum Bark Extract,Ac SD,,,,,,,,,6.7
2019099,Liquid Caustic Soda 15%,,,,,,,,,,,170
2019100,STABILEN 30,Acrylates/Vinyl Isodecanoate Crosspolymer,,,,,,,,,,7.1
2019101,Sodium borate,,,,,,,,,,,
2019102,Sodium Ascorbyl Phoshate,,,,,,,,,,,
2019103,Sudium Hyluronate 1% HELION,,,,,,,,,,,
2019104,Sudium Hyluronate,,,,,,,,,,,
2019105,( Silicona PMX 1501  ) 1215,,,,,,,,,,,
2019106,Silicone 60000,,,,,,,,,,,
2019107,SILSOFT 1215- RR -No D4-D5,,,,,,,,,,,
2019108,Sharomix MCI,,,,,,,,,,,3.09
2019109,Sharomix EG-10,,,,,,,,,,,20.16
2019110,SikTouch D5A,,,,,,,,,,,
2019111,Sharon E50 Ethyl Hexyl Glyceri,,,,,,,,,,,1
2019112,Supergel SK,,,,,,,,,,,
2019113,Sabowax SE40,,,,,,,,,,,
2019114,Span - 65,,,,,,,,,,,
2019115,Sharomix AM25,"Phenoxyethanol, Chlorphenesin, Caprylyl Glycol, Didecyldimonium Chloride",Pr,,,,,???,0.5-0.9,3--9,,
2019116,SikTouch D5B,,,,,,,,,,,
2019117,SikTouch Gum RA14,,,,,,,,,,,
2019118,sulfetal C90/C,,,,,,,,,,,
2019119,SHEA BUTTER ORGANIC - TAGRA,,,,,,,,,,,
2019120,BIO TERGE AS 40 KSB,,,,,,,,,,,539
2019121,STEPAN MILD LSB,,,,,,,,,,,
2019122,Sugar for scrub,,,,,,,,,,,
2019123,Sharomix AM-20,,,,,,,,,,,
2019124,SAW PALMETO OIL,,,,,,,,,,,1
2019125,SHAROMIX CPA,,,,,,,,,,,
2020001,TEA,,,,,,,,,,,14.75
2020002,TEA TREE OIL,,,,,,,,,,,-1.94
2020003,THYME OIL -  White,,,,,,,,,,,3.32
2020004,TOOTHPASTE COMP  2239060,,,,,,,,,,,5.3
2020005,TWEEN 20- POLISORBATE 20,,,,,,,,,,,22.72
2020007,THICKAGENT LC,,,,,,,,,,,
2020008,TWEEN - 60,,,,,,,,,,,
2020009,TAGRAVIT E1 - VITAMIN,,,,,,,,,,,
2020010,TEMIXAN 271(DETERGENT),,,,,,,,,,,
2020011,TRICLOSAN/ IRGASAN D.P.300,,,,,,,,,,,3.73
2020012,TALC,,,,,,,,,,,50
2020013,Turmeric Ext,,,,,,,,,,,
2020014,TCC,Triclocarban,,,,,,,,,,72.84
2020015,ThaiOL 1618   -  Lanette O,,,,,,,,,,,80
2020016,ThaiOL 1698   - Cetyl Alcohol,,,,,,,,,,,
2020017,TWEEN 80  - - POLISORBATE 80,,,,,,,,,,,-0.26
2020018,%Thioglycolic acid 99,,,,,,,,,,,
2020019,Titanium dioxide (??? ???),,,,,,,,,,,
2020020,Tapioce Pure,,,,,,,,,,,43.86
2020021,Thyme Oil- Statfold/ surajbala,,,,,,,,,,,
2020021,Thyme Oil- Statfold/ surajbala,,,,,,,,,,,
2020022,Tocobiol C - Advanced food ing,,,,,,,,,,,0.5
2020023,Trehalose 100- Mayko,Trehalose,,,,,,,,,,12
2020024,Tagra Red 1,,,,,,,,,,,
2020025,-TC-FD 2010,,,,,,,,,,,
2020026,(Tilicine )SB,Aqua (and) Glycerin (and) Tilia Tomentosa Bud Extract,,,,,,,,,,2.5
2020027,Tahitian Monoi Extract,,,,,,,,,,,
2020028,Tego Amid S-18,,,,,,,,,,,
2020029,THYME OIL -  RED,,,,,,,,,,,
2020030,TISODIUM CITRATE,,,,,,,,,,,2
2020031,Thymol Oil,,,,,,,,,,,
2020032,TOMATO SEED OIL,,,,,,,,,,,
2020033,Thymol Granula,,,,,,,,,,,1
2021001,UNIFEROL - U-14,ISOPROPYL MYRISTATE LECITHIN TOCOPHEROL,Pr,,,,,,,,,23.95
2021002,ULTREZ 10,,,,,,,,,,,
2021003,UNISPHERE NT2103 ??????? ?????,,,,,,,,,,,0.13
2021004,Urea,,,,,,,,,,,38.8
2021005,Undecylinate  ZINC,,,,,,,,,,,
2021006,Undecylinate  ACID,,,,,,,,,,,
2021007,UNISPHERE AGE 527  Green,,,,,,,,,,,0.06
2021008,UV Cut Tio 60 VL,,,,,,,,,,,
2021009,Unisooth PN 47,,,,,,,,,,,
2021010,Urea Beads - Merck,,,,,,,,,,,9.75
2021011,UNDECYLENIC-10 ACID,,,,,,,,,,,0.71
2021012,Unicat mm - 0.05,,,,,,,,,,,
2022001,??? ( VASELINE ) WHITE,,,,,,,,,,,84.25
2022002,VEEGUM . .  R,,,,,,,,,,,1.19
2022003,VEGETABLE OIL (CEGESOFT PS 6),,,,,,,,,,,589.76
2022004,VITAMIN E LIQUID,,,,,,,,,,,22.47
2022005,VOLPO L 4 (SABOWAX LM 4),,solubilizer,,,,,,,,,9.47
2022006,VANILLE OIL,,,,,,,,,,,
2022007,VITAMIN A,,,,,,,,,,,
2022008,VIKING AM 6320/J,,,,,,,,,,,1.2
2022009,VEGETOL GINGKO BILOBA (ext??),,,,,,,,,,,
2022010,VEXEL,Aqua (and) Glycerin (and) Lecithin (and) Caffeine (and) Palmitoyl Carnitine,Ac,,,,"Increases firmness, elasticity and skin tonicity of stomach and arms. Provides an immediate smoothing effect on the d�collet�.",Water soluble Incorporate at final stage of formulation,3,--,,4.9
2022011,VEGETABLE OIL REFINED BLEACHED,,,,,,,,,,,
2022012,VETIVER  OIL,,,,,,,,,,,
2022013,VEGETABLE OIL GUSTAV HEESS,,,,,,,,,,,
2022014,Vitamia A Palmitate 1.0 IU,,,,,,,,,,,5.79
2022015,VOLPO CS20,,,,,,,,,,,
2022016,VOLPO S-2,,,,,,,,,,,
2022017,VEGETABLE PETROLATUM --R15,,,,,,,,,,,124.81
2022018,(VOLUMINIS  LQ-)WD,Ethyltrimonium Chloride Methacrylate/ Hydrolyzed wheat protein copolymer,Hsty,,Ha,,???? ??? ????,,,,,8.7
2022019,Veegum HV- Hershberg,,,,,,,,,,,13.83
2022020,Vegetable Oil- Zifrony,,,,,,,,,,,
2022021,Versathix LQ- Hershberg,,,,,,,,,,,
2022022,Vitamin A Palmitate- Dveries,,,,,,,,,,,
2022023,Vitamin E- Helion,,,,,,,,,,,
2022024,Volpo L4- ????? ?2022005,,,,,,,,,,,0.01
2022025,Varisoft EQ 65,Distearoylethyl Dimonium Chloride (and) Cetearyl Alcohol,,,,,,,,,,1.01
2022026,Vita C-Ascorbyl Tetrisopalmita,,,,,,,,,,,
2022027,Violet K7116-J,,,,,,,,,,,
2022028,Violet K7014-J,,,,,,,,,,,
2022029,Voluform,,,,,,,,,,,
2022030,vantocil TG hand hygiene,,,,,,,,,,,214.2
2022031,Violet Methyl 2B EX 200% ???,,,,,,,,,,,0.99
2023001,WHEAT GERM OIL,,,,,,,,,,,2.15
2023002,WHITCHAZEL EXTRACT- HAMAMELIS,,,,,,,,,,,
2023003,WATER,,,,,,,,,,,
2023004,WIGHT MUSK PERFUME,,,,,,,,,,,
2023005,WINTERGREEN OIL,,,,,,,,,,,
2023006,Whitchazel Extract,,,,,,,,,,,4.28
2023007,Wax N/315,,,,,,,,,,,
2023008,WHITCHAZEL EXTRACT- ORGANIC,,,,,,,,,,,
2023009,Witrix MCR 40/60,,,,,,,,,,,190
2024001,XANTAN GUM,,,,,,,,,,,7.9
2024002,Xylitol,,,,,,,,,,,52
2025001,YELLOW SUNSET,,,,,,,,,,,0.8
2025002,YELLOW TARTRAZINE,,,,,,,,,,,
2025003,YLANG YLANG OIL,,,,,,,,,,,4.59
2025004,YSIS PERFUME,,,,,,,,,,,
2025005,YELLOW COLOR OIL SOLUBLE,,,,,,,,,,,0.84
2025006,YARROW EXT,,,,,,,,,,,
2025007,Ylang Ylang Oil- Statfold/ sur,,,,,,,,,,,
2025008,YellowCap1,,,,,,,,,,,0.36
2026001,ZINC OXIDE BP,,,,,,,,,,,20.5
2026002,ZOHARPON LAA,,,,,,,,,,,186.5
2026004,ZINC PCA -AJIDEW ZN100,,,,,,,,,,,
2026005,ZEMEA,,,,,,,,,,,6.6
2026006,Zinc pyrithione assay,,,,,,,,,,,21.6
2026007,zetesol 270/N - SLES- May chem,,,,,,,,,,,
2026008,Zeodent 113,HYDRATED SILICA,,,,,,,,,,400
2026009,Zeodent 103,,,,,,,,,,,
2026010,Zeodent 163,HYDRATED SILICA,,,,,,,,,,900
2101001,NEW AROMATIC PERFUME BLUE,,,,,,,,,,,
2101002,OLD AROMATIC PERFUME BROWN,,,,,,,,,,,0.42
2101003,DEODORANT BASIC FORMULATION,,,,,,,,,,,
2101004,???? ?????? - ????,,,,,,,,,,,
2101005,?????? ?????? ???????? ????,,,,,,,,,,,-2.16
2101006,???? ????? ?????? ????,,,,,,,,,,,
2101007,?????? ?????? ???????? ???????,,,,,,,,,,,
2101008,?????? ?????? ???????? ???????,,,,,,,,,,,
2101009,????? ??? - ??? ??? ???? ???,,,,,,,,,,,
2101010,????? ??? - ??? ??? ???? ?????,,,,,,,,,,,
2101011,??? ??? ???? - ??????,,,,,,,,,,,
2101012,?????? ?????? ???? 100% ????,,,,,,,,,,,
2101013,?????? ?????? ? ICE GEL,,,,,,,,,,,
2101014,?????? ??????  ?????? ????,,,,,,,,,,,
2101015,?????? ??????  ?????? ???????,,,,,,,,,,,
2101016,?????? ?????? ???? ???? ?????,,,,,,,,,,,
2101017,?????? ?????? ?????,,,,,,,,,,,
2101018,HL Pass Complex,,,,,,,,,,,
2102001,?? ???? ??????? SD40,,,,,,,,,,,-645.15
2150001,?? ?????? ????? ????,,,,,,,,,,,
2200001,SHAROMIX VCI,,,,,,,,,,,
2200002,PERFUME COLETTE AF11771E,,,,,,,,,,,
2201005,GREEN COLOR SPESHIAL,,,,,,,,,,,0.79
2202001,CHINA CLAY,,,,,,,,,,,
2202002,CARBOMER 940/POLYGEL CA 940,,,,,,,,,,,
2202004,COSMOWAX,,,,,,,,,,,
2203046,EDTA-TETRA SODIUM,,,,,,,,,,,
2203090,GTC C,,,,,,,,,,,
2204001,VEGAROL 1618 TA,,,,,,,,,,,
2204004,ANTARON V 220F,,,,,,,,,,,
2204005,NACOL 1898,,,,,,,,,,,
2204007,HIDROGEN PEROXIDE 50%(?? ????),,,,,,,,,,,
2205001,EUXYL K 400,,,,,,,,,,,
2205002,STEARYL ALCOHOL,,,,,,,,,,,
2205004,OPTASENSE RMC-70,odium Polyacrylate (and) Caprylic/Capric Triglyceride (and) Mineral Oil (and) Tri-PPG-3 Myristyl Ether Citrate (and) Sorbitan Laurate (and) Trideceth-6,RM,,,,,,,,,7.05
2205007,PERFUME DEEP OCEAN 14908 w.sol,,,,,,,,,,,
2205008,PERFUME LUXOR 14912 water solu,,,,,,,,,,,0.7
2205009,PERFUME OTZAR 15085 oil solubl,,,,,,,,,,,
2205013,LUSTREPLEX,,,,,,,,,,,
2205015,PERFUME HELEN 14914 WATER SOLU,,,,,,,,,,,
2205016,PERFUME HELEN 14917 OIL SOLUBL,,,,,,,,,,,
2205022,PERFUME SAXO AM7049/D,,,,,,,,,,,
2205023,PERFUME W/BASED SEA STAR14910,,,,,,,,,,,
2205024,PERFUME LUXOR 15149 OIL SOLUBL,,,,,,,,,,,
2205025,PERFUME OTZAR 14915 OIL SOLUBL,,,,,,,,,,,
2300101,Argan Oil,,,,,,,,,,,
2300121,BASIL  OIL,,,,,,,,,,,
2300122,benzoin oil,,,,,,,,,,,
2300123,bitter orange oil,,,,,,,,,,,
2300124,Borage Seed oil,,,,,,,,,,,
2300125,Burdock extract,,,,,,,,,,,
2300141,Calendula oil,,,,,,,,,,,
2300142,Castor Oil,,,,,,,,,,,
2300143,catnip extract,,,,,,,,,,,
2300144,CATNIP oil,,,,,,,,,,,
2300145,Cedarwood Oil,,,,,,,,,,,
2300146,Chamomile oil,,,,,,,,,,,
2300147,chrysanthemum extract,,,,,,,,,,,
2300148,Cinnamon oil,,,,,,,,,,,
2300149,Citronella oil,,,,,,,,,,,
2300150,Clary Sage,,,,,,,,,,,
2300151,Clove oil,,,,,,,,,,,
2300152,coconut oil,,,,,,,,,,,
2300201,Eucalyptus  oil,,,,,,,,,,,
2300202,Eucalyptus Lemon Oil,,,,,,,,,,,0.95
2300203,Evening Primrose  oil,,,,,,,,,,,
2300221,fennel oil,,,,,,,,,,,
2300222,Feverfew oil,,,,,,,,,,,
2300223,flaxseed oil,,,,,,,,,,,
2300224,frankincense oil,,,,,,,,,,,
2300241,geranium oil,,,,,,,,,,,
2300243,GRAPESEED OIL,,,,,,,,,,,
2300301,jojoba oil,,emollient,8,,,,,,,,
2300302,Juniper Oil,,,,,,,,,,,
2300321,kelp extract,,,,,,,,,,,
2300322,KUKUI NUT OIL,,,,,,,,,,,
2300341,LAVANDIN OIL,,,,,,,,,,,
2300342,LAVENDER OIL,,,,,,,,,,,12
2300343,lemon oil,,,,,,,,,,,
2300344,lemongrass oil,,,,,,,,,,,
2300345,Liquorice extract,,,,,,,,,,,
2300361,macadamia nut oil,,,,,,,,,,,
2300362,mallow extract,,,,,,,,,,,
2300363,myrrh oil,,,,,,,,,,,
2300381,Neem oil,,,,,,,,,,,
2300382,nettle extract,,,,,,,,,,,
2300401,Oatmeal  oil,,,,,,,,,,,
2300402,orange oil,,,,,,,,,,,
2300403,Origanum syriacum oil,,,,,,,,,,,
2300421,palm kernel oil,,,,,,,,,,,
2300422,PATCHOULI,,,,,,,,,,,
2300423,Pepermint Oil,,,,,,,,,,,
2300424,Pine oil,,,,,,,,,,,
2300425,Pomegranate oil,,,,,,,,,,,
2300426,power mushrooms extract,,,,,,,,,,,
2300461,red clover extract,,,,,,,,,,,
2300462,Red Eastern Cedarwood Oil,,,,,,,,,,,
2300463,ROSEMARY OIL,,,,,,,,,,,
2300464,Reishi shiitake maitake  ext,,,,,,,,,,,
2300481,Sage oil,,,,,,,,,,,
2300482,Sea Buckthorn oil,,,,,,,,,,,
2300483,shea butter,,emollient,5,,,,,,,,
2300484,Spearmint oil,,,,,,,,,,,
2300485,sweet almond oil,,,,,,,,,,,
2300501,Tea tree oil,,,,,,,,,,,
2300502,Thyme Oil,,,,,,,,,,,
2300503,turmeric oil,,,,,,,,,,,
2300561,wheatgerm oil,,,,,,,,,,,
2300601,yarrow oil,,,,,,,,,,,
2300602,ylang ylang oil,,,,,,,,,,,
2300603,THYMOL TYPE )THYME( OIL,,,,,,,,,,,
2301000,???? CHANGE GREEN ???? ?? ????,,,,,,,,,,,
2301001,???? ?????? ???? ?????,,,,,,,,,,,
2301002,"???? ?????? ?""? ?????",,,,,,,,,,,
2301003,???? C.CLASIC,,,,,,,,,,,
2301004,???? S. MAD,,,,,,,,,,,
2301005,???? ?????? ????,,,,,,,,,,,
2301006,???? ALINE,,,,,,,,,,,
2301007,???? ?????? EDDICT,,,,,,,,,,,
2301008,???? ?????? HYPNOTIC,,,,,,,,,,,
2301010,"???? VANILLA,PATCHULI,LAVENDER",,,,,,,,,,,
2301011,???? ?????? ?? ?????,,,,,,,,,,,
2301012,???? NARCIS PINK,,,,,,,,,,,-0.6
2301013,???? ?????? BLACK VANILA,,,,,,,,,,,
2301014,???? ??????   MUSK .,,,,,,,,,,,
2301015,???? ?????? ?????? ???? .,,,,,,,,,,,
2301016,???? LAVIBEL,,,,,,,,,,,
2301017,???? ?????? ???? 212,,,,,,,,,,,
2301018,???? ?????? ????,,,,,,,,,,,
2301019,???? ?????? JADORE,,,,,,,,,,,
2301020,???? ???? ???? CHANGE PINK,,,,,,,,,,,
2301021,????  ???? ??????,,,,,,,,,,,
2301022,????  ???? ???????,,,,,,,,,,,
2301023,????  ???? ?'?????,,,,,,,,,,,
2301024,????  ???? ????????,,,,,,,,,,,
2301025,???? create avent men,,,,,,,,,,,
2301026,????  BLACK TOMY,,,,,,,,,,,
2301027,????  ???? ??? ?????,,,,,,,,,,,
2301028,????  ???? NARKIS POWDER ?? ??,,,,,,,,,,,
2301029,???? ???? ?? ????? MONT PINK,,,,,,,,,,,
2301030,???? ????? ???? ?? ?????,,,,,,,,,,,
2301031,???? ???? ??? ???? ?? ?????,,,,,,,,,,,
2301032,???? D.SVAGA MEN ???? ?? ?????,,,,,,,,,,,
2301033,???? A.STRONG MEN ???? ?? ????,,,,,,,,,,,
2301034,???? S.BLUE MEN???? ?? ????,,,,,,,,,,,
2301035,???? ??????-???? ?? ?????,,,,,,,,,,,
2301101,????? ??????? ????,,,,,,,,,,,
2301201,???????  ?????????,,,,,,,,,,,
2301301,??????? ?? YALI Univisage,,,,,,,,,,,
2301401,??? ??? - ????? - ????,,,,,,,,,,,3.1
2301402,??? ???????  ???? ?????,,,,,,,,,,,
2301501,herods perfume  paloma,,,,,,,,,,,
2301601,???? PACO 4450160 ?????,,,,,,,,,,,
2301701,KVINTA-  Cherubin 01248,,,,,,,,,,,4.25
2301702,Betise  01247 -  KVINTA,,,,,,,,,,,3.8
2301703,Balearic  01203 - - KVINTA,,,,,,,,,,,3.3
2301801,LAVENDER ANGUSTIFOLIA X OIL,,,,,,,,,,,3.05
2301802,ORANGE OIL SWEET,,,,,,,,,,,2.5
2301901,??? ACQUA DI COCCO ??????,,,,,,,,,,,
2301902,???AMBER OUD SPICE ??????,,,,,,,,,,,
2301903,??? ?????? AVIV,,,,,,,,,,,-15.07
2301904,??? ?????? BLUE OCEAN,,,,,,,,,,,
2301905,??? ?????? BLUE SKY,,,,,,,,,,,
2301906,??? ?????? ELEGANT CAR,,,,,,,,,,,
2301907,??? ??????  FRESH BOOST,,,,,,,,,,,
2301908,??? ??????  FRESH LINEN,,,,,,,,,,,
2301909,??? ?????? GOLD CREAM,,,,,,,,,,,
2301910,??? ?????? GREEN TEA,,,,,,,,,,,
2301911,??? ??????  HOTEL DE VIL,,,,,,,,,,,
2301912,??? ??????  LAVENDER,,,,,,,,,,,
2301913,??? ?????? LEMON GRASS,,,,,,,,,,,
2301914,??? ??????  PATCHOULI,,,,,,,,,,,
2301915,???? ?????? PINK LOTUS,,,,,,,,,,,
2301916,??? ??????  PINK LOTUS,,,,,,,,,,,16.85
2301917,??? ??????  ROSE WOOD,,,,,,,,,,,
2301918,???? SPRING EXPLOSION ??????,,,,,,,,,,,
2301919,??? ?????? STAR BLOSSOM,,,,,,,,,,,
2301920,??? ??????  SWEET DREAMS,,,,,,,,,,,
2301921,??? ??????  VANILLA,,,,,,,,,,,
2301922,??? ?????? VERBANA,,,,,,,,,,,
2301923,??? ??????  WHITE MUSK,,,,,,,,,,,
2301926,???? ?????? BLACK PATCHOULI,,,,,,,,,,,
2301929,???? ?????? FRESH TIDE,,,,,,,,,,,
2301931,???? ?????? MATCHA GREEN TEA,,,,,,,,,,,
2301933,???? ?????? MOON FLOWER,,,,,,,,,,,
2301937,???? ?????? TANQUERAY,,,,,,,,,,,
2301938,???? ??????  VANILLA POWDER,,,,,,,,,,,
2301939,???? ?????? VERBENA,,,,,,,,,,,
2302001,,,,,,,,,,,,
2500001,??? ???? ??? ?????,,,,,,,,,,,
2500002,??? ???? ??? ?????,,,,,,,,,,,
2500003,??? ?????? ??? ?????,,,,,,,,,,,
2500004,??? ?????? ??? ?????,,,,,,,,,,,
2500101,LIP BALM Strawberry STICK,,,,,,,,,,,
2500102,LIP BALM Peppermint STICK,,,,,,,,,,,
2500103,LIP BALM Vanilla STICK,,,,,,,,,,,
2500110,??? ?????? -OSA,,,,,,,,,,,
2500111,???? ?????? C - ???????? - OSA,,,,,,,,,,,
2500112,????? ???? ????? ?????? -OSA,,,,,,,,,,,
2500113,???? ??????? -  OSA,,,,,,,,,,,
2500114,?????? ????? ???? -  OSA,,,,,,,,,,,
2500115,?'? ?????   -OSA,,,,,,,,,,,
2500116,???? ????????? ?????? - OSA,,,,,,,,,,,
2500117,???? ?????? ???? -  OSA,,,,,,,,,,,
2620137,?????? ??????? ?????? 54 ?????,,,,,,,,,,,
2620138,?????? ??????? ???? 48 ?????,,,,,,,,,,,
2620300,?????,,,,,,,,,,,
2620301,???? ???????? - 60 ??????,,,,,,,,,,,
2620302,???? ???????? - 180 ??????,,,,,,,,,,,
2620303,???? ???????? - 360 ??????,,,,,,,,,,,
2620304,?? - ???  60 ??????,,,,,,,,,,,
2620305,?? - ???  180 ??????,,,,,,,,,,,
2620306,?????????  - 90 ??????,,,,,,,,,,,
2620307,????????? 3 ??????-270 ??????,,,,,,,,,,,
2620308,????????? 6 ?????? -540 ??????,,,,,,,,,,,
2620309,?? - ????? - 60 ??????,,,,,,,,,,,
2620310,?? - ????? - 180 ??????,,,,,,,,,,,
2620311,??. ?? -????? - 60 ??????,,,,,,,,,,,
2620312,??. ?? -????? - 180 ??????,,,,,,,,,,,
2620313,??? ???? - 60 ??????,,,,,,,,,,,
2620314,??? ???? - 180 ??????,,,,,,,,,,,
2620315,???-???? - 60 ??????,,,,,,,,,,,
2620316,???-???? - 180 ??????,,,,,,,,,,,
2620317,???? - ????? - 60 ??????,,,,,,,,,,,
2620318,????? - ???? - 60 ??????,,,,,,,,,,,
2620319,???????  - 60 ??????,,,,,,,,,,,
2620320,??? ????  - 90 ??????,,,,,,,,,,,
2620321,?????? ?? - 60 ??????,,,,,,,,,,,
2620322,????????? - 90 ??????,,,,,,,,,,,
2620399,????? ????? ???? - ????,,,,,,,,,,,
2621001,???? ????? HCG ????? ?????,,,,,,,,,,,
2621002,????'? 100 ??????,,,,,,,,,,,
2621003,??? ?????? 100 ??????,,,,,,,,,,,
2621004,?? ???? 100 ??????,,,,,,,,,,,
2621005,????? ?????? ???? HCG,,,,,,,,,,,
2621006,????? 60 ??????,,,,,,,,,,,
2621007,??? 100 ??????,,,,,,,,,,,
2621008,????? ???? 100 ??????,,,,,,,,,,,
2621009,120 ?????? ?????  B12,,,,,,,,,,,
2621010,"20 ?""?  D3",,,,,,,,,,,
2621011,FOCUS MIND,,,,,,,,,,,
2621012,???? ????? 60 ??????,,,,,,,,,,,
2621013,??? ???? ????? 100 ??????,,,,,,,,,,,
2621014,?'????? ?????? 100 ??????,,,,,,,,,,,
2621015,?'????  ?????? 100 ??????,,,,,,,,,,,
2621016,???? ????? 100 ??????,,,,,,,,,,,
2621017,"?????? 50 ?""?",,,,,,,,,,,
2621018,?????? 60 ??????,,,,,,,,,,,
2621019,????? 100 ??????,,,,,,,,,,,
2621020,?????? 100 ??????,,,,,,,,,,,
2621021,???? ??? 100 ??????,,,,,,,,,,,
2621022,????? ??????? B50,,,,,,,,,,,
2621023,??? ???? 60 ??????,,,,,,,,,,,
2621024,"???????? 50 ?""?",,,,,,,,,,,
2621025,????? 100 ??????,,,,,,,,,,,
2621026,??? ???? 100 ??????,,,,,,,,,,,
2621027,???? ????'? ???,,,,,,,,,,,
2621028,?????? ?????? 100 ??????,,,,,,,,,,,
2621029,?????????? ???? 5 ?????? 30 ??,,,,,,,,,,,
2621030,?????????? ?????? ????? 90???,,,,,,,,,,,
2621031,"????50 ?""?",,,,,,,,,,,
2621032,??? 100 ??????,,,,,,,,,,,
2621033,?? ???? 100 ??????,,,,,,,,,,,
2621034,"????????? 50 ?""?",,,,,,,,,,,
2621035,????? ?????? ????? HCG,,,,,,,,,,,
2621036,"??.??.?? 20 ?""?",,,,,,,,,,,
2621037,MSM   ?????? 60,,,,,,,,,,,
2621038,"?????? 50 ?""?",,,,,,,,,,,
2621039,?????? ??????,,,,,,,,,,,
2621040,??? ???? 80 ??????,,,,,,,,,,,
2621041,??? ??? 100 ??????,,,,,,,,,,,
2621042,??????? ??????? 100 ??????,,,,,,,,,,,
2621043,?????? 60 ??????,,,,,,,,,,,
2621044,????? 100 ??????,,,,,,,,,,,
2621045,??? ??? 100 ??????,,,,,,,,,,,
2621046,"??? ???? 50 ?""?",,,,,,,,,,,
2621047,"??? ???? 30 ?""?",,,,,,,,,,,
2621048,???????(?'???'?) 100 ??????,,,,,,,,,,,
2621049,"???? ??? 50 ?""?",,,,,,,,,,,
2621050,??????? 60 ??????,,,,,,,,,,,
2621051,????? ???? 100 ??????,,,,,,,,,,,
2621052,"??????? 30 ?""?",,,,,,,,,,,
2621053,"??????? 50 ?""?",,,,,,,,,,,
2621054,????????? 100 ??????,,,,,,,,,,,
2621055,????? 100 ??????,,,,,,,,,,,
2621056,???? ????????,,,,,,,,,,,
2621057,?????????? 30 ??????,,,,,,,,,,,
2621058,?????????? ???? 5 ?????? 60 ??,,,,,,,,,,,
2621059,"??????? 50 ?""?",,,,,,,,,,,
2621060,"??? 10 60 ?""? -60 ??????",,,,,,,,,,,
2621061,??? 10 ?????? 60 ??????,,,,,,,,,,,
2621062,"??? 10 ???????? 100 ?""? 30 ??",,,,,,,,,,,
2621063,????? ??????? 30 ??????,,,,,,,,,,,
2621064,????? 60 ??????,,,,,,,,,,,
2621065,????? ????? 120 ??????,,,,,,,,,,,
2621066,???????? 100 ??????,,,,,,,,,,,
2621067,???????? 100 ??????,,,,,,,,,,,
2621068,"????? ????? ????' 50 ?""?",,,,,,,,,,,
2621069,??? ??? 100 ??????,,,,,,,,,,,
2621070,"????? ????? 3 ???? 200?""?",,,,,,,,,,,
2621071,"????? ????? 3 ????? 200 ?""?",,,,,,,,,,,
2621072,???? ???? 60 ??????,,,,,,,,,,,
2621073,????'? ??? 100 ??????,,,,,,,,,,,
2621074,"?????? 100 ?""?",,,,,,,,,,,
2621075,???????(?'???'?) ?????? 60 ??',,,,,,,,,,,
2621076,C500 ?? ????? 100 ??,,,,,,,,,,,
2621077,C500 ????? 120 ??????,,,,,,,,,,,
2621078,C500 ?????+???' ??? 100 ??,,,,,,,,,,,
2621079,C200 ????? 200 ??????,,,,,,,,,,,
2621080,C350 ????? 120 ??????,,,,,,,,,,,
2621081,?????? C800 ?? ????? 60 ??????,,,,,,,,,,,
2621082,????? ?????? ?????? ????? 120,,,,,,,,,,,
2621083,"????? 50 ?""?",,,,,,,,,,,
2621084,"???????? 50 ?""?",,,,,,,,,,,
2621085,??? ?????? 100 ??????,,,,,,,,,,,
2621086,??? ??????? 60 ??,,,,,,,,,,,
2621087,??? ?????? ?????? 100 ??????,,,,,,,,,,,
2621088,"????'? ??? 50 ?""?",,,,,,,,,,,
2621089,"???? ???? 30 ?""?",,,,,,,,,,,
2621090,"?? ??? ??? 30 ?""?",,,,,,,,,,,
2621091,????? 60 ??????,,,,,,,,,,,
2621092,???????? 100 ??????,,,,,,,,,,,
2621093,?????????? H.Z 60 ??????,,,,,,,,,,,
2621094,??? ??????????? 100 ??????,,,,,,,,,,,
2621095,??? ???? ???????? 60 ??????,,,,,,,,,,,
2621096,"??????? ????? 250?""?",,,,,,,,,,,
2621097,?'????? 100 ??????,,,,,,,,,,,
2621098,??????? ??????? 100 ??????,,,,,,,,,,,
2621099,?????? 100 ??????,,,,,,,,,,,
2621100,??????? 80 ??????,,,,,,,,,,,
2621101,???? ????? 30 ??????,,,,,,,,,,,
2621102,???????(????) 100 ??????,,,,,,,,,,,
2621103,"??? 50 ?""?",,,,,,,,,,,
2621104,???? ????,,,,,,,,,,,
2621105,??????? 100 ??????,,,,,,,,,,,
2621106,???????? 100 ??????,,,,,,,,,,,
2621107,?????? 100 ??????,,,,,,,,,,,
2621108,??? ???? 100 ??????,,,,,,,,,,,
2621109,??????? ????????? 100 ??????,,,,,,,,,,,
2621110,??? ??? 100 ??????,,,,,,,,,,,
2621111,"????? 100 ?""?",,,,,,,,,,,
2621112,????? 100 ??????,,,,,,,,,,,
2621113,"??? ??? 50 ?""?",,,,,,,,,,,
2621114,"????? ???? 30 ?""?",,,,,,,,,,,
2621115,??????? 12 ??????,,,,,,,,,,,
2621116,"??????? ?????? 30 ?""?",,,,,,,,,,,
2621117,"??????? 50 ?""?",,,,,,,,,,,
2621118,"????? ????? 50 ?""?",,,,,,,,,,,
2621119,"????? ??? ???? 250 ?""?",,,,,,,,,,,
2621120,"????? ??????? 250 ?""?",,,,,,,,,,,
2621121,"????? ??????? ????? 250 ?""?",,,,,,,,,,,
2621122,"????? ????? 250 ?""?",,,,,,,,,,,
2621123,??????? ????? 60 ??????,,,,,,,,,,,
2621124,??????? ???? 60 ??????,,,,,,,,,,,
2621125,??? ???,,,,,,,,,,,
2621126,"??? ???? 50 ?""?",,,,,,,,,,,
2621127,"????? ???? ???? 250 ?""?",,,,,,,,,,,
2621128,??????? ??????? 100 ??????,,,,,,,,,,,
2621129,"????'?? ?'??? 900 ?""?",,,,,,,,,,,
2621150,???? ????? ??????,,,,,,,,,,,
2621151,???? ????? ????'? 3 ??????,,,,,,,,,,,
2621152,???? ?????+????'?+?? ????,,,,,,,,,,,
2621153,"???? ????? ????+???? 50?""?",,,,,,,,,,,
2621154,"????? ???? ????? 50 ?""?",,,,,,,,,,,
2621155,"????? ?????? ???? ??? 50?""?",,,,,,,,,,,
2621156,????? ??? 90 ??????,,,,,,,,,,,
2621157,????? ????? ?????+??????,,,,,,,,,,,
2621158,????? ??? ???? 90 ??????,,,,,,,,,,,
2621159,????? ??? ???? 60 ??????,,,,,,,,,,,
2621160,????? ????,,,,,,,,,,,
2621161,"???? ????? 0.5 ?""? ???? ??????",,,,,,,,,,,
2621162,???? ????? ?????,,,,,,,,,,,
2621163,??????? ???? 100 ??????,,,,,,,,,,,
2621164,???? ?????? 60 ??????,,,,,,,,,,,
2621165,??????? 30??????,,,,,,,,,,,
2623201,????? ????? ????? ????,,,,,,,,,,,
2623205,????? ??????? ???,,,,,,,,,,,
2623206,????? ??????? ????,,,,,,,,,,,
2623207,????? ??????? ????,,,,,,,,,,,
2623208,????? ??????? ????,,,,,,,,,,,
2623209,????? ?????? ???? ????,,,,,,,,,,,
2623215,????? ?????? ???? ????,,,,,,,,,,,
2630001,Hot Water+ GiIRFFE Cover,,,,,,,,,,,
2630002,Hot water+ CAT cover,,,,,,,,,,,
2630101,instant hot pad HART shape,,,,,,,,,,,
2630102,instant hot pad PINK STAR shap,,,,,,,,,,,
2630103,Iinstant hot pad YELLOW STAR,,,,,,,,,,,
2630104,Instant hot pad YELLOW SMILE,,,,,,,,,,,
2630105,Instant hot pad BULE SMILE,,,,,,,,,,,
2630106,Instant hot pad EYE shape,,,,,,,,,,,
2630107,Instant hot pad PINK SMILE,,,,,,,,,,,
2630108,Instant hot pad SMALL HART,,,,,,,,,,,
2630201,Instant hot pad Christmas TREE,,,,,,,,,,,
2630202,Instant hot pad Christma SANTA,,,,,,,,,,,
2630203,Instant hot pad Christma Snowf,,,,,,,,,,,
2630204,Instant hot pad Snowman,,,,,,,,,,,
2630205,Instant hot pad FootBall,,,,,,,,,,,
2900001,ASCORBIC ACID/VITAMIN A,,,,,,,,,,,
2900002,A BISABOLOL,,,,,,,,,,,
2900003,AJIMOTO GP 1-GELATINAZION AGEN,,,,,,,,,,,
2900004,AMPHISOL-K,,,,,,,,,,,
2900005,AMPHOTERGE W 2-ZORTRIC D,,,,,,,,,,,
2900006,ANTARA 430-LYTRONE 180,,,,,,,,,,,
2900007,AVOCADIN,,,,,,,,,,,
2900008,EUPERLAN PK 2000/OMPERLEN-PERL,,,,,,,,,,,
2900009,BC 2105,,,,,,,,,,,
2900011,SILICONE BC 2335-98041,,,,,,,,,,,
2900013,CRODAMOL SS,,,,,,,,,,,
2900014,D.C. 193,,,,,,,,,,,
2900015,DALE HS,,,,,,,,,,,
2900016,DEDRA FLOW 50,,,,,,,,,,,
2900017,DEXTRIN PALMITATE,,,,,,,,,,,
2900019,FIG HS,,,,,,,,,,,
2900020,ROSE WATER,,,,,,,,,,,
2900021,GERMAQZIDE PSB BASF,,,,,,,,,,,
2900022,GLYCOPURE 70,,,,,,,,,,,
2900023,HYASOL,,,,,,,,,,,
2900024,LIPAMIN DV/DIPALIN PVB,,,,,,,,,,,
2900025,NATROSOL 250 NHHBR,,,,,,,,,,,
2900026,NIKKOL BL-4.2,,,,,,,,,,,
2900027,OLIWAX,,,,,,,,,,,
2900028,OLIVE LEAF EXTRACT B/T,,,,,,,,,,,
2900030,TEGOSOFT PC 41,,,,,,,,,,,
2900031,PAPAY FRUIT HS,,,,,,,,,,,
2900032,PEFA-TIGHT,,,,,,,,,,,
2900033,PLANTACARE 2000,,,,,,,,,,,
2900034,POMEGRANTE PEEL HS,,,,,,,,,,,
2900035,SABODERM CSO,CETEARYL ETHYLHEXANOATE,E & Em Emu,"?????, ??????? SPF",???,"medium spreading medium polarity, High spreading capacity. Water repellent","good skin wetting, supple and soft skin",<80,.1-10,,,
2900036,PARYOL PMC 810P,,,,,,,,,,,
2900037,SYN-AKE,,,,,,,,,,,
2900038,TC 1214,,,,,,,,,,,
2900039,TINOSORB-S,,,,,,,,,,,
2900040,ZIRCONIUMH CHLORIDE,,,,,,,,,,,
2900041,SODIUM DEHYDROACETATE,,,,,,,,,,,
2900047,GEOGARD 111A,,,,,,,,,,,
2900048,GEOGARD 111S,,,,,,,,,,,
2900049,NONYL PHENOL 10,,,,,,,,,,,
2900052,TRANSCUTOL PHARMA,,,,,,,,,,,
2900053,UNICAT MM,,,,,,,,,,,
2900055,TOCOPHERYL ACETATE-VITAMIN E,,,,,,,,,,,
2900056,RETINYL PALMITATE-VITAMIN A,,,,,,,,,,,
2900059,TOCOPHEROL  PALMITATE- VIT.A,,,,,,,,,,,
2900060,TAGRAVIT A2,,,,,,,,,,,
2900061,TAGRAVIT A1,,,,,,,,,,,
2900070,NUTMEG OIL ???? ?????,,,,,,,,,,,
2900071,CYPRESS OIL ???? ???,,,,,,,,,,,
2900072,PALMA ROSSA OIL,,,,,,,,,,,
2900073,BLACK PEPPER OIL,,,,,,,,,,,-0.4
2900075,FENNEL OIL ??? ????,,,,,,,,,,,
2900078,PUMPKIN SEED OIL ???? ???,,,,,,,,,,,
2900079,SESAME OIL ?????? ???,,,,,,,,,,,
2900085,LIME OIL,,,,,,,,,,,
2900086,APRICOT OIL ??? ????,,,,,,,,,,,
2900087,CAMOMILE OIL,,,,,,,,,,,
2900090,Phytoliquid Green Tea BG NA215,,,,,,,,,,,
2900091,?TRANSCUTOL,,,,,,,,,,,
2900094,ACNIBIO CT  10%,,,,,,,,,,,
2900100,SAGE HYDROGLYCERIN EXTR ORG,,,,,,,,,,,
2900101,SESAME OIL ORG,,,,,,,,,,,
2900102,ROSEWOOD ESSENTIAL  OIL ORG,,,,,,,,,,,
2900103,PUMPKIN SEED  OIL ORG,,,,,,,,,,,
2900104,GREEN TEA HYDROGL.EXTRACT ORG,,,,,,,,,,,
2900105,CALENDULA HYDROGL. EXTRACT ORG,,,,,,,,,,,
2900106,PANSY HYDROGL.EXTRACT ORG,,,,,,,,,,,
2900107,POMEGRANTE HYDROGL.EXTRACT ORG,,,,,,,,,,,
2900108,PATCHOULI OIL ORG,,,,,,,,,,,
2900109,OLIVE OIL ORGANIC,,,,,,,,,,,
2900110,JOJOBA OIL ORGANIC,,,,,,,,,,,
2900111,LEMON HYDROGL. EXTRACT ORG,,,,,,,,,,,
2900112,ORANGE HYDROGL. EXTRACT ORG,,,,,,,,,,,
2900113,TEGIN M,,,,,,,,,,,
2900114,ROSEMARY HYDROGL. EXTRACT ORG,,,,,,,,,,,
2900115,PRICKLY PEAR OIL ORG,,,,,,,,,,,
2900116,AVOCADO OIL ORG,,,,,,,,,,,
2900117,APRICOT OIL ORG,,,,,,,,,,,
2900118,MACADAMIA OIL ORG,,,,,,,,,,,
2900119,CHAMOMILE HYDROGL. EXTRACT ORG,,,,,,,,,,,
2900120,ROSE EXTRACT ORGANIC,,,,,,,,,,,
2900121,LINDEN AUBIER HYDROGL.EXTR.ORG,,,,,,,,,,,
2900122,ROSEHIP OIL ORGANIC,,,,,,,,,,,
2900123,YALANG YALANG OIL ORG,,,,,,,,,,,
2900124,FENNEL EXTRACT ORG.HYDROGLYC,,,,,,,,,,,
2900125,AVOCADO HYDROGLIC. EXTRACT ORG,,,,,,,,,,,
2900126,BERGAMOT OIL ORG,,,,,,,,,,,
2900127,LOVENDER OIL ORG,,,,,,,,,,,
2900128,GEOGARD 221 ECOSERT,,,,,,,,,,,
2900129,ALOEWERA DEC 200X/T003-ECO,,,,,,,,,,,
2900130,DERMOFEEL E 67/TOCO70 ECO,,,,,,,,,,,
2900131,TEGOSOFT CT ECOSERT,,,,,,,,,,,
2900132,POTASSIUM SORBATE ECOSERT,,,,,,,,,,,
2900133,MEADOWSWEET HYDROGL.EXTRACT OR,,,,,,,,,,,
2900134,LANETTE  O ECOSERT,,,,,,,,,,,
2900135,CUTINA HVG  ECOSERT,,,,,,,,,,,
2900136,EUTANOL G16  ECOSERT,,,,,,,,,,,
2900137,NATCO FRAGRANCE ORGANIC,,,,,,,,,,,
2900138,TEGO SUT Z 800 ECOSERT,,,,,,,,,,,
2900139,PALMA ROSA OIL ORGANIC,,,,,,,,,,,
2900140,BORAGE OIL ORGANIC,,,,,,,,,,,
2900141,POWERADE EXTRACT ORGANIC,,,,,,,,,,,
2900142,PHOTO LIQUID/FRUIT LIQUID DATE,,,,,,,,,,,
2900143,THIME OIL ORGANIC,,,,,,,,,,,
2900144,GLYZERIN ORGANIC,,,,,,,,,,,
2900145,VEEGUM ULTRA ECOSERT,,,,,,,,,,,
2900146,MYRITOL 318 ECOSERT,,,,,,,,,,,
2900147,EVENING PRIME ROSE OIL ORGANIC,,,,,,,,,,,
2900148,CUTINA GMS ECOSERT,,,,,,,,,,,
2900149,GRAPE SEED OIL ORGANIC,,,,,,,,,,,
2900150,SODIUM BENZOATE ECOSERT,,,,,,,,,,,
2900151,BEESWAX ECOSERT,,,,,,,,,,,
2900152,ISOPROPYLPALMITAT   ECOSERT,,,,,,,,,,,
2900153,INTER GUM CLEAR ECOSERT,,,,,,,,,,,
2900154,MALLOW  LEAF  HYDROGL.ORG.EXTR,,,,,,,,,,,
2900155,BERGAMOT HYDROGL.EXTR ORGANIC,,,,,,,,,,,
2900156,POT MARIGOLD HYDR.EXTRACT ORG,,,,,,,,,,,
2900157,ROSEHIP HYDR.EXTR.ORGANIC,,,,,,,,,,,
2900158,LOVENDER HYDR.EXTRACT ORGANIC,,,,,,,,,,,
2900159,PHYTAN PAPAYA ORGANIC,,,,,,,,,,,
2900160,PHYTAN FIG ECOCERT,,,,,,,,,,,
2900161,POMEGRANT POWDER ECOCERT,,,,,,,,,,,
2900162,PRICKLE PEAR EXTR.ORGANIC,,,,,,,,,,,
2900163,GEOGARD 111A,,,,,,,,,,,
2900164,GEOGARD 111S,,,,,,,,,,,
2900166,UNISPHERE PE 524 PINK,,,,,,,,,,,
2900167,UNISPHERE AES 571 EMERALD,,,,,,,,,,,
2900168,UNISPHERE PE 508 RED,,,,,,,,,,,
2900169,UNISPHERE UEA 509 ULTRAMARINE,,,,,,,,,,,
2900170,UNISPHERE UE 501 YELLOW,,,,,,,,,,,
2900172,UNISPHERE NTL2412,,,,,,,,,,,
2900173,UNISPHERE NT2302,,,,,,,,,,,
2900174,UNISPHERE NT2702,,,,,,,,,,,
2900175,UNISPHERE NT2502,,,,,,,,,,,
2900176,UNISPHERE NT2202,,,,,,,,,,,
2900177,UNISPHERE AGE 527,,,,,,,,,,,
2900178,UNISPHERE PE 524,,,,,,,,,,,
2900179,UNISPHERE YE 501,,,,,,,,,,,
2900180,HYGRODERM,,,,,,,,,,,
2900181,SORBIC ACID,,,,,,,,,,,
2900182,PARASOL 1789,,,,,,,,,,,
2900183,SABOWAX SE 40,,,,,,,,,,,
2900184,SABOSORB TS-SPAN 65,,,,,,,,,,,
2900185,PHYTOCELLTEC,,,,,,,,,,,
2900188,STRUCTURE XL,,,,,,,,,,,
2900190,B3 - SABOWAX CS 30 - EMULGIN,,,,,,,,,,,
2900191,SM 2658,,,,,,,,,,,
2900192,EMULGYN B 3-SYMPATENS ACS 300G,,,,,,,,,,,
2900193,simulsol 1293,,,,,,,,,,,
2900194,SABOWAX ELH 40,,,,,,,,,,,
2900195,herbasec mpe deo,,,,,,,,,,,
2900196,sympatens trh 400,,,,,,,,,,,
2900197,sodium dehydroacetate,,,,,,,,,,,
2900198,Acetyl Hexapeptide -3,,,,,,,,,,,
2900199,Palmitoyl Pentapeptide-3,,,,,,,,,,,
2900200,KAJU  - - Cashew nut oil,,,,,,,,,,,
2900201,FE Mahonia aquifolia ??? ?????,,,,,,,,,,,
2900202,Cupressus sempervirens,,,,,,,,,,,
2900203,Capsicum spp,,,,,,,,,,,
2900204,Cinnamomum camphora ???????,,,,,,,,,,,
2900205,Commiphora spp.  MYRRH EXTRAT,,,,,,,,,,,
2900206,??????? Echinacea spp,,,,,,,,,,,
2900207,Stellaria media ??????? ?????,,,,,,,,,,,
2900208,Damask rose OIL,,,,,,,,,,,
2900209,??? ???????,,,,,,,,,,,
2900210,????? ???????,,,,,,,,,,,
2900211,AVOBENZONE - UVA,,,,,,,,,,,
2900212,Phenylbenzimidazole Sulfonic A,,,,,,,,,,,
2900213,?????? ??????,,,,,,,,,,,
2900214,?????? ????,,,,,,,,,,,
2900215,??? ????,,,,,,,,,,,
2900216,?????? ??????,,,,,,,,,,,
2900217,???? ??? ????,,,,,,,,,,,
2900218,???? ?????? ?. ???- ?????,,,,,,,,,,,
2900219,???? ???? ????? 00964 ?????,,,,,,,,,,,
2900220,??? ?????? ????? 00670 - ?????,,,,,,,,,,,
2900221,????????? ????? - ?????,,,,,,,,,,,
2900222,???? ???? - ????,,,,,,,,,,,
2901031,???? ??? D736-331,,,,,,,,,,,
2901032,???? ???? ????? ?? MERK,,,,,,,,,,,
2901033,Extract of red caviar,,,,,,,,,,,
2901034,Bistre Fonce W2801 ??? ??,,,,,,,,,,,
2901035,Covapearl Star Light Dore 2335,,,,,,,,,,,
2901036,Covapearl Star GOLD 2302,,,,,,,,,,,
2901037,Covapearl Star Copper 3332,,,,,,,,,,,
2901038,VEGETAN - DHA,,,,,,,,,,,
2901039,VEGETAN PREMIUM   -  DHA,,,,,,,,,,,
2901041,Calcium hydroxide suitable,,,,,,,,,,,
2901042,Hyaluronic Acid,,,,,,,,,,,
2901043,Dihydroxyacetone -- DHA,,,,,,,,,,,
2901044,DERMOFEEL VISCOLID,,,,,,,,,,,
2901046,Cetyl Palmitate----540-10-3,,,,,,,,,,,
2901047,Ceteareth-12  -----68439-49-6,,,,,,,,,,,
2901048,Ceteareth-20   -----68439-49-6,,,,,,,,,,,
2901049,Emollient Microcare DCP,,,,,,,,,,,
2901050,Acetic Acid,,,,,,,,,,,
2901051,Uncaria Tomentosa Extract,,,,,,,,,,,
2901052,Glycolic Acid,,,,,,,,,,,
2901053,Undecylenic Acid,,,,,,,,,,,
2901056,DolcVIA,,,,,,,,,,,
2901057,YAM HGL EXT,,,,,,,,,,,
2901058,FENUGREEK HGL EXT,,,,,,,,,,,
2901059,.OAT HGL EXT,,,,,,,,,,,
2901060,SUNFLOWER HGL EXT,,,,,,,,,,,
2901062,PRIMALHYAL 50,,,,,,,,,,,
2901063,AHA 44,,,,,,,,,,,
2901064,AJIDEW NL 50,,,,,,,,,,,
2901065,LUBRAJEL OIL FREE,,,,,,,,,,,
2901066,IMCA OIL,,,,,,,,,,,
2901067,??? ????,,,,,,,,,,,
2901069,sharomix AM 20,,,,,,,,,,,
2901070,amin LS 30,,,,,,,,,,,
2901071,jaguar 162,,,,,,,,,,,
2901072,geropon L4C,,,,,,,,,,,
2901073,Genecare osms ba,,,,,,,,,,,
2901074,Akoactive queen,,,,,,,,,,,
2901075,proliss-100,,,,,,,,,,,
2901076,amisoft cs-11,,,,,,,,,,,
2901077,jaguar excel,,,,,,,,,,,
2901078,fision keraveg18,,,,,,,,,,,
2901079,naturepep pea,,,,,,,,,,,
2901081,NaturePep Teff,,,,,,,,,,,
2901082,Softisan 649,,,,,,,,,,,
2901083,Cellucap R,,,,,,,,,,,
2901084,Primalhyal Ultra-filler,,,,,,,,,,,
2901085,Easyliance,,,,,,,,,,,
2901086,GENENCARE OSMS BA,,,,,,,,,,,
2901087,GEROPON T\77 PC,,,,,,,,,,,
2901088,LATHANOL LAL COARSE,,,,,,,,,,,
2901089,Talc,,,,,,,,,,,
2901090,Strawberry extract,,,,,,,,,,,
2901091,Red Raspberry Extract,,,,,,,,,,,
2901092,geropon t/77,,,,,,,,,,,
2901093,Mackadet OPR 2,,,,,,,,,,,
2901094,sabosorb MS,,,,,,,,,,,
2901095,floecare ET 1737,,,,,,,,,,,
2901096,cellucap C,,,,,,,,,,,
2901097,RIBOXYL,,,,,,,,,,,
2901098,ROSE FLORAL WATER,,,,,,,,,,,
2901099,GREEN TEA HYDROGLYCERIN,,,,,,,,,,,
2901100,Sharomix AM-24,,,,,,,,,,,
2901101,NIACINAMIDE USP PC 202937 Cosm,,,,,,,,,,,
2901102,Nano-Lipobelle H-AECL,,,,,,,,,,,
2901103,cellucap C+E,,,,,,,,,,,
2901104,prodew 500,,,,,,,,,,,
2901105,SCI (??? ?????),,,,,,,,,,,
2901106,#NAME?,,,,,,,,,,,
2901107,octyl palmitate,,,,,,,,,,,
2901108,carelink,,,,,,,,,,,
2901109,lipacide UG,,,,,,,,,,,
2901110,helio gel,Sodium acrylates copolymer (and) Hydrogenated polydecene (and) Phospholipids (and) Polyglyceryl-10 stearate (and) Helianthus annuus (Sunflower) Seed oil,EmS Th St,,,???? ????? ?????,,Add into oil phase or water phase Hot or cold process No pre-dispersion or neutralization,0.2-3 @ ,2-12 (8-4),,
2901114,MFSORB 509 BIS-ETHYLEXYPHENOL METHOXPHENYL TRIAZINE,,,,,,,,,,,
2901115,UVINUL A PLUS GRANULAR,,,,,,,,,,,
2901116,saboderm cso,,,,,,,,,,,
2901117,mfsorb 507,,,,,,,,,,,
2901118,avobenzone,,,,,,,,,,,
2901119,MFSORB 509 BIS-ETHYLEXYPHENOL METHOXPHENYL TRIAZINE,,,,,,,,,,,
"??""? ???? ???""? :",,,,,,,,,,,,
2901120,saboderm CSO,,,,,,,,,,,
2901121,chitosan,,,,,,,,,,,
2901123,Definicire ,Jojoba Esters (and) Helianthus Annuus (Sunflower) Seed Wax (and) Polyglycerin-3,HS,"????, ???, ?????, ????","????, ???",--,"???, ????, ????, ???? ????/????",,,,,
2016086,pvp k 90,,,,,,,,,,,
2901070,amin LS 30,,,,,,,,,,,
2901071,jaguar 162,,,,,,,,,,,"15,722.73"
2901072,geropon L4C,,,,,,,,,,,
2901073,Genecare osms ba,,,,,,,,,,,
2901074,Akoactive queen,,,,,,,,,,,
2901075,proliss-100,,,,,,,,,,,
2901076,amisoft cs-11,,,,,,,,,,,
2901077,jaguar excel,,,,,,,,,,,
2901078,fision keraveg18,,,,,,,,,,,
2901079,naturepep pea,,,,,,,,,,,
2901081,NaturePep Teff,,,,,,,,,,,
2901082,Softisan 649,,,,,,,,,,,
2901083,Cellucap R,,,,,,,,,,,
2901084,Primalhyal Ultra-filler,,,,,,,,,,,
2901085,Easyliance,,,,,,,,,,,
2901086,GENENCARE OSMS BA,,,,,,,,,,,
2901087,GEROPON T\77 PC,,,,,,,,,,,
2901088,LATHANOL LAL COARSE,,,,,,,,,,,
2901089,Talc,,,,,,,,,,,
2901090,Strawberry extract,,,,,,,,,,,
2901091,Red Raspberry Extract,,,,,,,,,,,
2901092,geropon t/77,,,,,,,,,,,
2901093,Mackadet OPR 2,,,,,,,,,,,
2901094,sabosorb MS,,,,,,,,,,,
2901095,floecare ET 1737,,,,,,,,,,,
2901096,cellucap C,,,,,,,,,,,
2901097,RIBOXYL,,,,,,,,,,,
2901098,ROSE FLORAL WATER,,,,,,,,,,,
2901099,GREEN TEA HYDROGLYCERIN,,,,,,,,,,,
2901100,Sharomix AM-24,,,,,,,,,,,
2901101,NIACINAMIDE USP PC 202937 Cosm,,,,,,,,,,,
2901102,Nano-Lipobelle H-AECL,,,,,,,,,,,
2901103,cellucap C+E,,,,,,,,,,,
2901104,prodew 500,,,,,,,,,,,
2901107,octyl palmitate,,,,,,,,,,,
2901108,carelink,,,,,,,,,,,
2901109,lipacide UG,,,,,,,,,,,
2901110,heliogel,,,,,,,,,,,
2901111,Rose Essential Oil,,,,,,,,,,,
2901112,Iscaguard DCG,,,,,,,,,,,
2901113,Jojoba Butter,,,,,,,,,,,
2901114,MFSORB 509 BIS-ETHYLEXYPHENOL,,,,,,,,,,,
2901115,UVINUL A PLUS GRANULAR,,,,,,,,,,,
2901116,saboderm cso,,,,,,,,,,,
2901117,mfsorb 507,,,,,,,,,,,
2901118,Avobenzone,,,,,,,,,,,
2901119,mfsorb 509,,,,,,,,,,,
2901120,saboderm cso,,,,,,,,,,,
2901124,Cutissential� Behenyl 18-MEA,,,,,,,,,,,
2901125,Kerestore� 2.0 SB,,,,,,,,,,,
2901126,easynov,,,,,,,,,,,
